2217239764476,515657353-3,2015-04-01 22:56:29 -0700,,27a65ce794,Main Jail Complex,4551,Sentenced
1398517488121,170611177-0,2016-08-21 06:37:15 -0700,2016-12-07 10:40:29 -0800,e0650754d4,Medical Facility,3818,Sentenced
6561482127820,063294287-8,2016-10-13 17:47:25 -0700,2016-12-07 06:42:15 -0800,7b83e68b32,Medical Facility,61891,Pre-trial
1835504874661,628477972-0,2016-11-10 06:00:54 -0800,2016-12-07 02:15:09 -0800,439a56c7b6,Main Jail Complex,93638,Pre-trial
7029240268684,186610841-7,2016-11-30 10:47:44 -0800,2016-12-06 21:05:19 -0800,a805702461,Main Jail Complex,3724,Sentenced
3257656293899,291714015-1,2015-12-16 23:56:00 -0800,2016-12-06 16:05:57 -0800,13c236501c,County Correctional Center,97835,Pre-trial
6734149445708,717808450-2,2016-10-04 12:30:15 -0700,2016-12-06 13:01:05 -0800,b12d4de647,Medical Facility,950,Sentenced
9808564140832,074264019-1,2016-11-26 13:00:54 -0800,2016-12-06 07:44:16 -0800,0bb79ea83c,Medical Facility,8332,Pre-trial
1721460934160,887494455-1,2015-07-30 14:11:49 -0700,2016-12-05 06:17:13 -0800,d5c418838a,County Correctional Center,24370,Sentenced
8641296490889,881761172-7,2016-07-07 10:43:05 -0700,2016-12-05 04:29:54 -0800,9c934011aa,County Correctional Center,5278,Sentenced
4271263760345,386185609-3,2016-12-03 13:15:29 -0800,2016-12-04 22:22:15 -0800,b6ce5159e0,Main Jail Complex,34910,Sentenced
859172093033,552227216-3,2016-11-26 10:27:49 -0800,2016-12-04 19:53:29 -0800,1b2bb83669,Main Jail Complex,10438,Pre-trial
5222875340936,594653114-X,2016-10-07 18:42:49 -0700,2016-12-03 07:26:31 -0800,9a4e9e548c,County Correctional Center,390,Sentenced
2255964900974,696835350-4,2015-10-28 21:54:01 -0700,2016-12-03 02:17:03 -0800,aa279ad423,Medical Facility,5281,Sentenced
3019053447318,208094565-3,2016-11-29 18:14:27 -0800,2016-12-02 23:33:43 -0800,c2848d42e2,Medical Facility,539,Pre-trial
3900712998732,809369897-3,2016-03-08 12:19:40 -0800,2016-12-02 21:27:40 -0800,91e23e19b5,County Correctional Center,607,Pre-trial
753224351433,729510676-6,2016-11-14 01:20:16 -0800,2016-12-01 23:39:36 -0800,630db77abd,Medical Facility,7360,Pre-trial
7186135614411,679034924-3,2016-11-21 18:10:02 -0800,2016-11-30 17:56:15 -0800,9590203dee,County Correctional Center,963,Pre-trial
8599527767470,687547178-7,2016-11-21 09:10:46 -0800,2016-11-30 12:01:06 -0800,dc5dc80833,Medical Facility,79431,Sentenced
6822435698430,241621264-8,2015-09-12 09:27:55 -0700,2016-11-30 00:10:57 -0800,8356bc22e9,Main Jail Complex,6473,Pre-trial
1769480844847,678921325-2,2016-10-03 00:25:34 -0700,2016-11-29 20:47:09 -0800,06d68a6348,Medical Facility,738,Pre-trial
7218517883730,895718494-5,2016-10-27 20:38:57 -0700,2016-11-29 20:09:56 -0800,5a4ab446e4,Main Jail Complex,7303,Sentenced
9039383778283,286413730-5,2016-08-20 08:27:53 -0700,2016-11-29 14:46:37 -0800,22e65c5de0,Main Jail Complex,1590,Pre-trial
3143554029732,324665479-4,2016-11-07 19:11:39 -0800,2016-11-29 11:51:07 -0800,1b6056b918,County Correctional Center,95772,Sentenced
7729929106275,289128794-0,2016-03-20 11:47:45 -0700,2016-11-29 03:23:22 -0800,d395c9588a,County Correctional Center,9650,Sentenced
4079870315558,766507973-3,2016-11-21 21:30:11 -0800,2016-11-29 02:31:51 -0800,4605b06b32,County Correctional Center,23444,Sentenced
1032049723120,693677457-1,2016-11-29 15:59:41 -0800,2016-11-29 02:11:12 -0800,d5b14ebc39,Main Jail Complex,675,Pre-trial
1551372148689,071780179-9,2016-10-29 20:52:59 -0700,2016-11-29 01:10:57 -0800,3eeb778b2d,Main Jail Complex,115,Sentenced
9844918992948,884054296-5,2016-10-28 11:03:09 -0700,2016-11-28 06:46:58 -0800,bcc19822ac,County Correctional Center,95772,Pre-trial
9643821710904,393860004-7,2016-11-18 00:11:45 -0800,2016-11-27 23:10:34 -0800,557bda01e1,County Correctional Center,4097,Pre-trial
8801739810005,424231655-0,2016-07-01 10:43:24 -0700,2016-11-27 12:06:28 -0800,e075e10ea9,County Correctional Center,8961,Pre-trial
4198787564405,457589506-7,2016-11-01 04:45:40 -0700,2016-11-26 18:23:46 -0800,1c39026467,Main Jail Complex,96554,Sentenced
9091700058485,422137011-4,2016-11-11 01:39:54 -0800,2016-11-25 22:11:37 -0800,597e8e7457,Medical Facility,852,Pre-trial
3988365893574,954540810-3,2016-10-01 08:25:53 -0700,2016-11-25 15:51:18 -0800,b5721361e7,Main Jail Complex,414,Pre-trial
2538818761915,130416836-0,2016-11-22 22:04:28 -0800,2016-11-25 09:53:32 -0800,410038b14c,Medical Facility,2074,Sentenced
445430411628,128559056-2,2016-11-15 10:36:18 -0800,2016-11-24 23:50:07 -0800,95e116dd75,Main Jail Complex,1894,Pre-trial
2318325121439,845119652-7,2016-01-06 01:54:03 -0800,2016-11-24 21:31:28 -0800,8737e55ba1,Main Jail Complex,581,Sentenced
8238953647320,161656925-5,2016-10-01 04:12:02 -0700,2016-11-24 06:27:39 -0800,51656b7d6d,Main Jail Complex,53012,Pre-trial
6808407557073,805272555-0,2016-10-23 01:40:46 -0700,2016-11-24 00:36:42 -0800,2e732dd450,Medical Facility,509,Sentenced
2788068269994,752925940-7,2016-03-15 14:44:43 -0700,2016-11-23 23:34:16 -0800,99850dc9d7,Main Jail Complex,417,Sentenced
9835987502312,399992857-3,2016-07-13 12:53:37 -0700,2016-11-23 05:37:05 -0800,cca546b32c,Main Jail Complex,787,Sentenced
9696682091941,594653114-X,2016-11-05 19:23:59 -0700,2016-11-23 05:17:51 -0800,3b905192a5,County Correctional Center,115,Pre-trial
2580703215768,311924220-9,2016-03-26 16:50:34 -0700,2016-11-23 02:37:32 -0800,7546c60bed,Main Jail Complex,9112,Pre-trial
2863415758502,469970072-1,2016-01-27 04:31:20 -0800,2016-11-22 21:56:49 -0800,a98c2d5949,County Correctional Center,4603,Pre-trial
523057703095,410880435-X,2016-10-12 14:26:20 -0700,2016-11-22 20:21:20 -0800,c6612ea675,County Correctional Center,61255,Pre-trial
6486079903901,248306168-0,2016-09-29 01:51:34 -0700,2016-11-22 20:05:08 -0800,610d412c5d,Main Jail Complex,2489,Pre-trial
3692688162520,693487065-4,2016-09-16 18:42:48 -0700,2016-11-21 01:00:35 -0800,d036058625,Main Jail Complex,35549,Sentenced
2408142906323,139096963-0,2016-11-14 06:25:05 -0800,2016-11-21 00:37:18 -0800,123c75e135,Medical Facility,87304,Sentenced
9563823667177,877515993-7,2016-08-25 20:40:19 -0700,2016-11-20 20:10:15 -0800,ce59088386,County Correctional Center,670,Sentenced
9638294681974,374577474-4,2016-11-10 05:54:41 -0800,2016-11-20 19:00:17 -0800,46916909dd,County Correctional Center,722,Pre-trial
3282470322449,189400472-8,2015-07-01 02:17:32 -0700,2016-11-20 18:07:54 -0800,24bb0136cd,Main Jail Complex,47951,Pre-trial
8437558212708,606404937-5,2016-08-01 09:46:14 -0700,2016-11-20 13:01:03 -0800,60ae2b88b6,County Correctional Center,1925,Sentenced
7427789988962,744120331-7,2014-12-14 07:19:24 -0800,2016-11-20 04:15:23 -0800,53d731a692,County Correctional Center,2129,Sentenced
9215195040781,669851629-5,2015-10-15 04:18:06 -0700,2016-11-20 03:00:32 -0800,4da086a01c,Main Jail Complex,197,Pre-trial
7338591532550,614769073-6,2016-03-21 13:37:35 -0700,2016-11-19 21:15:30 -0800,d009a030e4,County Correctional Center,5705,Pre-trial
2347414456428,656361561-9,2016-08-25 22:14:22 -0700,2016-11-17 17:43:29 -0800,65ee16dcd8,Medical Facility,491,Sentenced
1559051237723,644856576-0,2016-06-29 14:47:33 -0700,2016-11-17 14:19:18 -0800,0be8344e06,County Correctional Center,135,Sentenced
5824558988536,526620040-5,2016-10-28 07:50:02 -0700,2016-11-17 08:07:17 -0800,c85ea9ba85,Medical Facility,22062,Pre-trial
3314568519773,531468341-5,2015-02-22 05:07:28 -0800,2016-11-17 07:00:09 -0800,d0611c825a,Medical Facility,4544,Pre-trial
5711941707075,486914242-2,2016-01-04 14:57:34 -0800,2016-11-16 08:48:53 -0800,060d9a6a1a,County Correctional Center,570,Pre-trial
1648808216835,942657611-8,2016-05-13 05:53:51 -0700,2016-11-16 01:35:05 -0800,923ca22418,Main Jail Complex,948,Pre-trial
4919331678009,728521425-6,2016-03-10 06:36:28 -0800,2016-11-15 18:01:39 -0800,1bbb7b3589,Main Jail Complex,37729,Sentenced
7720559064638,813246518-0,2016-08-09 22:30:50 -0700,2016-11-15 15:38:03 -0800,d767694a58,Main Jail Complex,44982,Sentenced
9439923239739,877515993-7,2016-08-22 12:29:44 -0700,2016-11-15 14:47:16 -0800,41eb3e447b,County Correctional Center,23974,Pre-trial
574238437308,900883836-2,2016-10-26 11:09:21 -0700,2016-11-15 00:59:48 -0800,86b5629223,County Correctional Center,946,Sentenced
1305719690238,457589506-7,2016-05-31 13:18:51 -0700,2016-11-14 03:06:55 -0800,bd5c1bb409,Main Jail Complex,5857,Pre-trial
5640215764301,712548836-6,2016-09-12 20:30:52 -0700,2016-11-13 10:44:51 -0800,6e924e6b51,Medical Facility,7180,Pre-trial
4095108885204,627355754-3,2016-09-02 15:58:01 -0700,2016-11-12 22:10:08 -0800,ecd8b4a3aa,Medical Facility,442,Sentenced
4507285810943,507814818-3,2016-09-12 01:40:42 -0700,2016-11-10 06:17:30 -0800,85c5616325,Main Jail Complex,3561,Pre-trial
9374100565853,881307119-1,2015-06-08 07:57:43 -0700,2016-11-09 09:16:30 -0800,ca69347036,Main Jail Complex,6668,Pre-trial
140579050218,036005966-X,2015-01-26 17:12:48 -0800,2016-11-09 02:46:53 -0800,5055535629,Medical Facility,355,Pre-trial
503801028247,910324146-7,2016-03-20 03:00:30 -0700,2016-11-08 17:45:59 -0800,2be19bb023,County Correctional Center,2959,Sentenced
5650045967278,643428906-5,2016-07-08 10:14:45 -0700,2016-11-07 17:56:12 -0800,2a142292a2,Medical Facility,3256,Pre-trial
9277943366024,628477972-0,2016-05-03 05:40:36 -0700,2016-11-07 09:24:41 -0800,aa8ad091ab,Main Jail Complex,871,Sentenced
2582989826751,814588599-X,2015-03-09 08:41:29 -0700,2016-11-06 22:57:00 -0800,bedbbca323,Medical Facility,73972,Sentenced
1549826371042,157733748-4,2015-05-14 16:26:49 -0700,2016-11-06 15:02:58 -0800,324b6a80aa,Medical Facility,6665,Pre-trial
9720247899663,726781296-1,2016-01-03 05:32:04 -0800,2016-11-06 05:28:12 -0800,352bd346a4,County Correctional Center,34162,Pre-trial
3909411009077,136573316-5,2016-02-05 17:02:17 -0800,2016-11-05 08:41:13 -0700,a7d828a6c4,Medical Facility,1240,Sentenced
8715830365015,295486388-9,2016-06-19 11:27:58 -0700,2016-11-03 22:50:54 -0700,1cd2d412e6,Main Jail Complex,37075,Pre-trial
5092951571628,793370542-1,2016-11-02 12:45:19 -0700,2016-11-02 07:32:55 -0700,129852e500,Medical Facility,6461,Pre-trial
1946225538890,488475611-8,2016-10-22 17:37:48 -0700,2016-11-02 03:48:04 -0700,e96786e88c,County Correctional Center,541,Sentenced
6152379708095,334635894-1,2015-05-26 03:04:24 -0700,2016-11-01 21:41:07 -0700,51ec3d0db6,County Correctional Center,641,Pre-trial
170097539780,833850878-0,2016-01-23 18:03:19 -0800,2016-10-31 08:51:01 -0700,a51c60a342,Main Jail Complex,23094,Pre-trial
2193325613944,390324829-0,2016-09-29 13:07:25 -0700,2016-10-30 05:55:28 -0700,94cc678873,Main Jail Complex,90003,Pre-trial
7137230763627,760181408-4,2016-08-28 12:01:07 -0700,2016-10-30 05:37:22 -0700,e7a54a163d,County Correctional Center,53016,Pre-trial
5883253964566,873933058-3,2016-08-10 12:51:25 -0700,2016-10-27 22:52:58 -0700,9980c0c208,Medical Facility,7912,Sentenced
7072808858018,462337800-4,2016-10-22 05:00:11 -0700,2016-10-27 14:29:22 -0700,b56c2b6b94,County Correctional Center,266,Pre-trial
1461913135323,199577496-0,2015-05-10 23:37:26 -0700,2016-10-27 11:31:20 -0700,e3cd571a4d,County Correctional Center,535,Pre-trial
7223832238486,766507973-3,2016-07-19 04:40:57 -0700,2016-10-26 05:46:18 -0700,8b824285aa,Medical Facility,166,Pre-trial
2954270932715,716935856-5,2016-06-21 22:17:44 -0700,2016-10-25 14:44:46 -0700,26124268dc,Main Jail Complex,357,Pre-trial
3172116100893,728163669-5,2016-09-02 12:12:45 -0700,2016-10-24 13:40:31 -0700,181ba2abec,Medical Facility,8357,Pre-trial
8205860403363,381915333-0,2014-12-31 02:54:51 -0800,2016-10-24 06:25:45 -0700,b178c663a4,Medical Facility,515,Sentenced
9054404538363,526402008-6,2016-09-17 14:05:39 -0700,2016-10-23 13:35:51 -0700,b02a410a97,Main Jail Complex,271,Pre-trial
4559182983503,292214090-3,2016-10-18 05:48:19 -0700,2016-10-23 04:21:15 -0700,b08a110291,Medical Facility,36688,Pre-trial
3799080536796,417921578-0,2016-10-13 01:32:59 -0700,2016-10-22 16:29:00 -0700,5925a5c2c9,Medical Facility,76642,Pre-trial
2402127493938,995260384-3,2016-05-30 02:45:16 -0700,2016-10-21 19:40:58 -0700,18ba8c3312,Medical Facility,722,Sentenced
1050713859593,052320897-9,2016-10-05 03:19:44 -0700,2016-10-21 03:54:04 -0700,8169c0be52,Main Jail Complex,526,Sentenced
870855154933,297967348-X,2014-12-09 03:40:25 -0800,2016-10-20 14:34:15 -0700,5c41dd0577,County Correctional Center,7770,Pre-trial
3605114730378,887166809-X,2016-10-02 02:07:46 -0700,2016-10-20 10:11:35 -0700,b093c5696c,Medical Facility,520,Pre-trial
9711131180271,125433337-1,2015-08-22 13:05:02 -0700,2016-10-19 23:24:33 -0700,4ce223b48e,Medical Facility,860,Pre-trial
7771597935855,199577496-0,2016-02-16 04:09:08 -0800,2016-10-19 08:06:36 -0700,8792ee176a,County Correctional Center,673,Sentenced
1154073296033,184818770-X,2016-09-30 03:36:31 -0700,2016-10-19 03:23:07 -0700,a26ea78d2e,Medical Facility,1333,Pre-trial
542611004294,429859980-9,2015-05-20 06:38:06 -0700,2016-10-18 21:44:53 -0700,1c85b77060,County Correctional Center,42135,Sentenced
7193932838568,862805466-9,2015-11-03 04:27:35 -0800,2016-10-18 19:27:24 -0700,2cccedbc92,County Correctional Center,713,Sentenced
3705011422007,971656970-X,2016-09-08 06:35:39 -0700,2016-10-17 09:11:08 -0700,2ec1ccbdd6,Medical Facility,6189,Sentenced
2926225882055,560300124-0,2016-09-20 03:10:45 -0700,2016-10-17 03:13:30 -0700,e80da01de7,Medical Facility,72438,Pre-trial
3643536106500,716220600-X,2016-09-12 19:27:04 -0700,2016-10-16 14:25:20 -0700,1b7444740a,County Correctional Center,250,Pre-trial
9017460799178,479930489-5,2016-07-13 04:16:12 -0700,2016-10-16 06:33:00 -0700,be84a047ca,Main Jail Complex,691,Sentenced
2011416726925,084593695-6,2014-12-15 06:16:00 -0800,2016-10-15 23:59:24 -0700,a9c0db84c6,Main Jail Complex,1309,Pre-trial
578078674473,639083033-5,2016-08-26 21:23:41 -0700,2016-10-15 20:29:22 -0700,44e2398055,Main Jail Complex,8932,Pre-trial
8069522349051,011475582-5,2016-03-09 23:44:01 -0800,2016-10-15 19:25:34 -0700,730b27b6db,County Correctional Center,267,Sentenced
7118504326809,074264019-1,2016-03-23 17:19:43 -0700,2016-10-15 05:26:58 -0700,1618edc6d6,County Correctional Center,72681,Sentenced
4771548145756,307700766-5,2016-05-29 10:23:10 -0700,2016-10-15 04:56:58 -0700,6c37eb6e14,County Correctional Center,985,Sentenced
4979751965066,537312173-8,2015-01-10 17:27:51 -0800,2016-10-12 15:07:14 -0700,66a09acea6,County Correctional Center,459,Sentenced
6446917780996,817531232-7,2016-10-04 00:56:48 -0700,2016-10-12 09:59:49 -0700,e1d84be6a7,Medical Facility,984,Sentenced
9047197041721,687547178-7,2016-04-14 09:23:19 -0700,2016-10-11 20:36:08 -0700,d4987c532e,Main Jail Complex,957,Sentenced
3179185521239,295486388-9,2016-08-12 19:14:48 -0700,2016-10-11 07:21:31 -0700,d9a554a2ac,Medical Facility,654,Sentenced
7653958684933,239043086-4,2016-10-01 22:43:54 -0700,2016-10-11 03:01:35 -0700,7389b512a5,County Correctional Center,616,Sentenced
8095769794743,816693012-9,2016-05-30 02:22:30 -0700,2016-10-10 01:48:37 -0700,93e10e9622,Main Jail Complex,744,Sentenced
1095370905559,021422744-8,2015-12-31 07:56:50 -0800,2016-10-09 12:41:06 -0700,36338339d9,County Correctional Center,6609,Sentenced
2731821589686,953339258-4,2016-03-22 17:10:37 -0700,2016-10-08 17:49:05 -0700,e89c361c39,Medical Facility,6729,Sentenced
8617084766689,597508816-X,2016-07-18 17:11:32 -0700,2016-10-08 00:28:33 -0700,51cba25dae,Medical Facility,5020,Pre-trial
2881796054853,139289335-6,2016-07-04 08:36:34 -0700,2016-10-07 19:05:11 -0700,cbb94d88e8,Main Jail Complex,2397,Sentenced
6656205550839,477687251-X,2015-04-01 15:15:20 -0700,2016-10-07 17:47:26 -0700,1b2a20aa5d,Medical Facility,97182,Sentenced
2657431387774,209849375-4,2015-11-12 10:09:20 -0800,2016-10-05 19:10:44 -0700,c37e5dbc9e,Medical Facility,942,Sentenced
7907816323152,306549733-6,2015-12-23 12:40:43 -0800,2016-10-05 16:53:29 -0700,eabdcb179e,County Correctional Center,2887,Sentenced
3306492909829,680450214-0,2016-09-13 16:25:16 -0700,2016-10-05 00:17:05 -0700,536da46ace,Main Jail Complex,7052,Sentenced
9667371050563,768217346-7,2015-10-22 15:05:04 -0700,2016-10-04 19:41:49 -0700,499200b563,Medical Facility,2318,Sentenced
3381975956224,245312667-9,2015-04-12 03:24:13 -0700,2016-10-04 16:06:21 -0700,a219758bd7,Main Jail Complex,4051,Pre-trial
2227301025787,076247672-9,2015-01-17 11:20:27 -0800,2016-10-04 14:56:35 -0700,77ca44b07c,County Correctional Center,5574,Pre-trial
4055357906617,954078123-X,2015-04-11 04:56:34 -0700,2016-10-02 15:53:52 -0700,5264d6a15c,County Correctional Center,47306,Pre-trial
6445169757282,427538492-X,2016-05-13 10:46:48 -0700,2016-10-01 20:58:36 -0700,02edcc6779,County Correctional Center,923,Pre-trial
2104179236074,639911749-6,2015-12-24 16:12:20 -0800,2016-10-01 18:30:24 -0700,e70a53ee35,Medical Facility,361,Pre-trial
1939586599860,523566881-2,2015-03-12 23:28:17 -0700,2016-10-01 03:22:46 -0700,326a640046,County Correctional Center,4887,Pre-trial
3192691718467,010649067-2,2015-10-28 05:44:00 -0700,2016-09-30 22:12:04 -0700,b51e18b54d,Medical Facility,7092,Sentenced
2352834448212,013574405-9,2015-12-23 20:38:15 -0800,2016-09-29 23:04:15 -0700,d74ad295de,County Correctional Center,9620,Pre-trial
5304762037744,003268496-7,2016-07-28 18:19:35 -0700,2016-09-29 19:17:37 -0700,48a226bc80,County Correctional Center,85097,Sentenced
4862698261929,995324195-3,2015-05-27 12:06:12 -0700,2016-09-29 17:28:14 -0700,50cb4e5414,County Correctional Center,333,Pre-trial
3235781974814,430698954-2,2016-02-08 20:11:45 -0800,2016-09-28 01:11:17 -0700,805178cab4,Main Jail Complex,14881,Sentenced
2206501474793,640618343-6,2016-04-01 20:32:33 -0700,2016-09-27 05:59:24 -0700,a3164c9891,Main Jail Complex,8630,Pre-trial
6557016434007,232733093-9,2016-04-14 10:41:57 -0700,2016-09-26 11:58:35 -0700,b372b99e33,Medical Facility,20018,Pre-trial
389741549062,325741915-5,2016-09-03 06:53:00 -0700,2016-09-26 02:20:15 -0700,2cdb2605aa,Medical Facility,999,Pre-trial
9998055127784,827439823-8,2016-07-10 00:20:51 -0700,2016-09-25 20:07:22 -0700,20877e2145,Main Jail Complex,5645,Pre-trial
9400731543646,296476655-X,2016-07-14 18:26:13 -0700,2016-09-24 20:53:01 -0700,1020776619,County Correctional Center,322,Sentenced
1172575000392,476305573-9,2015-12-05 07:55:56 -0800,2016-09-24 17:09:42 -0700,3d418e8682,Medical Facility,335,Sentenced
9478188226276,892769596-8,2016-05-14 19:16:43 -0700,2016-09-24 04:21:29 -0700,09567ebea1,County Correctional Center,10419,Pre-trial
8738820632973,362470139-8,2016-01-23 11:29:00 -0800,2016-09-23 03:00:34 -0700,3874e69429,Main Jail Complex,616,Pre-trial
5827687047815,091446613-5,2015-05-04 06:30:14 -0700,2016-09-22 16:42:53 -0700,e6e32eb5e9,Main Jail Complex,28097,Pre-trial
8980385723706,642301896-0,2016-02-06 04:23:00 -0800,2016-09-22 12:16:40 -0700,408c948ee2,Medical Facility,1866,Sentenced
49111110819,959573826-3,2016-08-15 07:56:02 -0700,2016-09-21 22:30:06 -0700,095c5c3cb5,Medical Facility,7135,Pre-trial
4403916857823,813246518-0,2016-06-25 10:11:12 -0700,2016-09-20 12:44:10 -0700,a7956dc6a0,Medical Facility,70436,Sentenced
8575920813457,625157183-7,2016-08-31 09:46:37 -0700,2016-09-18 12:48:01 -0700,c6143ca033,Main Jail Complex,9520,Sentenced
8990836091551,964063411-5,2016-05-05 21:15:39 -0700,2016-09-18 07:33:59 -0700,8ad77726de,County Correctional Center,343,Pre-trial
6848235883548,495276657-8,2016-09-10 15:34:34 -0700,2016-09-15 17:08:29 -0700,a67a74819c,County Correctional Center,9402,Sentenced
7068387798197,626186335-0,2016-08-20 23:36:51 -0700,2016-09-15 04:39:07 -0700,c830e35b02,Medical Facility,617,Pre-trial
1090781748078,061994568-0,2016-05-01 05:22:58 -0700,2016-09-14 12:08:35 -0700,13ea9bba2d,County Correctional Center,5162,Sentenced
1549898751063,051289252-0,2015-06-27 20:56:50 -0700,2016-09-13 18:13:28 -0700,632e9509e5,Medical Facility,3610,Sentenced
3058196734367,726781296-1,2014-12-26 07:21:26 -0800,2016-09-12 18:23:49 -0700,4c23a60901,Medical Facility,7171,Pre-trial
3465604404208,376871166-8,2016-07-29 04:05:57 -0700,2016-09-12 17:44:50 -0700,2d473508c8,County Correctional Center,46068,Sentenced
6337151170110,388987205-0,2015-12-27 13:04:18 -0800,2016-09-11 11:03:11 -0700,770d1944bc,Medical Facility,5728,Sentenced
5126203073391,910481526-2,2016-06-17 01:51:18 -0700,2016-09-10 21:36:13 -0700,9804d63160,Main Jail Complex,7934,Sentenced
1451317989936,915772481-4,2016-06-29 06:29:30 -0700,2016-09-09 23:19:43 -0700,5216854848,County Correctional Center,77029,Sentenced
5962904343193,943156343-6,2015-12-25 21:55:28 -0800,2016-09-09 12:28:19 -0700,2be2014d13,Medical Facility,638,Pre-trial
3283852388411,544810935-7,2016-03-06 09:20:27 -0800,2016-09-05 14:11:32 -0700,83b87de932,Main Jail Complex,1572,Sentenced
4887727140617,626789247-6,2016-08-11 23:09:47 -0700,2016-09-05 07:46:23 -0700,0847d4ec84,Main Jail Complex,607,Sentenced
2722726778695,988244866-6,2015-03-09 21:07:19 -0700,2016-09-04 06:19:00 -0700,0c068adceb,County Correctional Center,90487,Pre-trial
7831014792918,107337474-2,2015-08-04 03:41:37 -0700,2016-09-02 18:33:56 -0700,6a27ebdc03,Medical Facility,2748,Pre-trial
9942107565765,783720194-9,2016-08-31 17:09:18 -0700,2016-09-01 07:35:43 -0700,71a435d0cc,County Correctional Center,812,Pre-trial
5346502526163,267906715-0,2015-07-16 23:09:16 -0700,2016-09-01 01:24:29 -0700,016466ada4,County Correctional Center,17290,Pre-trial
2938976966168,737492631-6,2015-05-16 03:41:29 -0700,2016-08-31 18:19:01 -0700,e3d61a04c9,County Correctional Center,287,Pre-trial
5806703870842,868433923-1,2016-01-05 05:44:45 -0800,2016-08-31 10:13:22 -0700,735c30c90e,County Correctional Center,6857,Sentenced
5389318385807,910481526-2,2015-06-18 16:17:59 -0700,2016-08-31 02:04:03 -0700,608c45a7a0,Medical Facility,73252,Sentenced
4803003776264,184818770-X,2014-12-30 00:25:59 -0800,2016-08-29 04:59:44 -0700,d38eb12220,Medical Facility,94441,Pre-trial
8112573218385,230880806-3,2016-02-24 17:42:34 -0800,2016-08-28 10:50:38 -0700,86cb051be2,Main Jail Complex,440,Sentenced
8322493181816,332515852-8,2016-06-16 09:04:58 -0700,2016-08-26 15:48:45 -0700,bdc9d1ede6,Main Jail Complex,3524,Pre-trial
3630457305389,921283457-4,2016-05-28 07:17:44 -0700,2016-08-25 22:40:29 -0700,0e9c663eb8,County Correctional Center,7392,Pre-trial
4683290177599,076247672-9,2015-06-06 18:06:04 -0700,2016-08-25 13:17:10 -0700,c85de8d114,Main Jail Complex,48491,Pre-trial
3082176042647,502227589-9,2016-05-26 19:09:22 -0700,2016-08-24 19:31:23 -0700,278e2ec47c,Main Jail Complex,7261,Pre-trial
1404823514086,738812224-9,2015-08-17 00:57:09 -0700,2016-08-22 20:34:12 -0700,1374425255,Medical Facility,138,Pre-trial
9045687488490,663607992-4,2015-05-27 08:51:13 -0700,2016-08-22 16:46:50 -0700,870ac4c656,Main Jail Complex,210,Pre-trial
1463045753192,388987205-0,2015-04-17 03:29:12 -0700,2016-08-22 13:51:24 -0700,e7a2acd640,County Correctional Center,52923,Sentenced
2844922250451,094332095-X,2016-08-02 02:17:29 -0700,2016-08-21 04:37:09 -0700,27493659ac,Medical Facility,98406,Sentenced
648994525446,537312173-8,2016-01-02 00:34:56 -0800,2016-08-20 18:32:03 -0700,951b620730,Main Jail Complex,776,Sentenced
963369192758,697543257-0,2016-07-02 22:02:38 -0700,2016-08-20 13:24:49 -0700,554e7b719e,County Correctional Center,51594,Pre-trial
1539370453479,727355271-2,2016-01-25 10:46:20 -0800,2016-08-20 12:50:19 -0700,c75074aaee,Medical Facility,2866,Sentenced
313202976241,617441555-4,2015-01-08 19:08:14 -0800,2016-08-20 03:25:57 -0700,50293d04d6,Main Jail Complex,914,Pre-trial
8790535298295,375847468-X,2016-06-28 00:55:23 -0700,2016-08-19 11:44:31 -0700,bd5e74ec43,Main Jail Complex,7923,Sentenced
5922162941012,420174163-X,2016-07-13 17:41:48 -0700,2016-08-18 21:50:22 -0700,3bd3670030,County Correctional Center,818,Sentenced
5783361512430,971656970-X,2016-06-20 02:16:55 -0700,2016-08-17 21:36:16 -0700,0bdbca6195,County Correctional Center,5715,Sentenced
8009443060307,974623579-6,2016-05-18 16:03:53 -0700,2016-08-17 10:58:40 -0700,d91c134283,Main Jail Complex,48466,Sentenced
4852648872138,881307119-1,2015-10-01 02:52:10 -0700,2016-08-17 03:18:01 -0700,658ad91464,Main Jail Complex,86839,Pre-trial
8678418311142,420174163-X,2016-07-17 05:33:09 -0700,2016-08-14 04:36:50 -0700,59b56d0951,Medical Facility,3522,Pre-trial
4894640675959,311924220-9,2016-08-01 18:19:13 -0700,2016-08-13 20:26:45 -0700,ab6a6de03a,Main Jail Complex,2742,Pre-trial
8390600073729,882475838-X,2016-05-21 07:45:14 -0700,2016-08-12 13:30:45 -0700,ab587ca0e6,Medical Facility,4954,Sentenced
2703572578363,748943906-X,2016-03-20 07:18:41 -0700,2016-08-10 04:16:25 -0700,35c28e5dd2,Main Jail Complex,63349,Pre-trial
2256098206307,959573826-3,2015-12-18 19:59:57 -0800,2016-08-09 13:46:39 -0700,74a53dc146,Main Jail Complex,578,Sentenced
4681816525152,646542214-X,2015-12-28 04:57:50 -0800,2016-08-08 04:22:16 -0700,e27c5211b5,County Correctional Center,24786,Pre-trial
6464491400932,560300124-0,2016-04-06 01:58:14 -0700,2016-08-05 10:38:54 -0700,62b772d1ea,Main Jail Complex,1320,Sentenced
5683999444656,879646918-8,2015-05-09 00:58:27 -0700,2016-08-04 00:05:47 -0700,78a4e7c690,Medical Facility,653,Sentenced
7083219253132,961174476-5,2016-01-13 16:25:41 -0800,2016-08-01 09:30:23 -0700,ede99ec156,County Correctional Center,7615,Sentenced
3671835843970,153448879-0,2016-07-02 02:04:17 -0700,2016-07-31 01:21:53 -0700,7c9dbe74c0,Main Jail Complex,6949,Sentenced
5258170424576,424469999-6,2016-07-24 07:06:29 -0700,2016-07-29 16:18:53 -0700,75b708c1c7,Main Jail Complex,514,Sentenced
7860706921022,281742015-2,2016-03-06 06:04:05 -0800,2016-07-29 08:39:41 -0700,cce1c04063,Main Jail Complex,3750,Pre-trial
1787960004208,009576159-4,2016-01-18 16:48:17 -0800,2016-07-29 01:40:14 -0700,25c27e29c0,County Correctional Center,94793,Pre-trial
3968474022232,291714015-1,2016-04-09 07:11:20 -0700,2016-07-28 23:28:15 -0700,b4c185d6bb,Main Jail Complex,5625,Pre-trial
9387424996166,359209864-0,2015-09-14 16:31:59 -0700,2016-07-25 07:30:42 -0700,e9dda15945,Medical Facility,723,Sentenced
8161038487156,272575113-6,2015-01-30 19:41:19 -0800,2016-07-24 07:54:05 -0700,671ba569a5,Medical Facility,12457,Sentenced
6891969287328,456124383-6,2016-06-29 14:50:11 -0700,2016-07-24 02:07:07 -0700,5648047b05,County Correctional Center,753,Sentenced
6458232616775,422137011-4,2015-04-14 05:57:33 -0700,2016-07-21 03:02:05 -0700,6edc74ca4a,County Correctional Center,35673,Sentenced
9114059644298,199206924-7,2016-03-05 14:55:22 -0800,2016-07-18 05:03:51 -0700,e93edc983e,Main Jail Complex,3453,Pre-trial
1994878857363,588618676-X,2016-01-11 18:16:09 -0800,2016-07-17 16:55:14 -0700,7bb148e6dd,County Correctional Center,60219,Pre-trial
7547046079339,853892897-X,2015-07-23 11:51:55 -0700,2016-07-14 18:09:31 -0700,34686dda1c,Main Jail Complex,4176,Sentenced
6867632751403,693677457-1,2015-07-28 22:21:57 -0700,2016-07-14 17:40:27 -0700,78be2e53e3,County Correctional Center,922,Pre-trial
2672393635879,680450214-0,2016-06-26 23:37:53 -0700,2016-07-14 07:51:23 -0700,b7692ae348,Medical Facility,8639,Pre-trial
3178890650708,267757302-4,2015-11-04 16:03:37 -0800,2016-07-12 08:37:11 -0700,62903028d0,County Correctional Center,30821,Pre-trial
997412264345,391898827-9,2015-12-25 07:01:10 -0800,2016-07-11 09:26:30 -0700,b904246544,County Correctional Center,836,Sentenced
3988750941897,092730904-1,2016-04-25 07:17:42 -0700,2016-07-07 20:39:41 -0700,eb0ea146b7,Main Jail Complex,666,Pre-trial
7069463526437,486931609-9,2016-03-20 06:28:30 -0700,2016-07-06 11:49:31 -0700,2c12c85d54,Main Jail Complex,2563,Sentenced
9662138974571,259780041-5,2015-12-11 13:16:46 -0800,2016-07-04 23:54:07 -0700,5a8996b77b,Main Jail Complex,3740,Sentenced
7886746351360,845516214-7,2016-02-22 03:56:35 -0800,2016-07-04 12:57:35 -0700,7e829dc6e9,Main Jail Complex,3518,Pre-trial
1253749932180,362470139-8,2016-03-20 03:25:34 -0700,2016-07-04 08:00:01 -0700,10d558d775,Medical Facility,8194,Sentenced
4005693290819,640618343-6,2016-02-18 04:10:06 -0800,2016-07-04 01:08:24 -0700,23c67260b8,County Correctional Center,6874,Pre-trial
3468929240711,615631702-3,2015-06-20 01:30:25 -0700,2016-07-03 05:13:02 -0700,6d05b07d5c,Main Jail Complex,259,Pre-trial
1800553797629,036005966-X,2016-05-25 01:55:12 -0700,2016-07-03 01:42:43 -0700,a9c7604dcd,Main Jail Complex,803,Pre-trial
1336961740440,290597895-3,2016-03-24 17:52:30 -0700,2016-07-02 16:51:36 -0700,0dca955949,Main Jail Complex,780,Pre-trial
3027726299058,188422751-1,2015-10-12 11:29:54 -0700,2016-07-01 20:00:13 -0700,a498e57ad7,Main Jail Complex,75816,Pre-trial
8906657130133,835886712-3,2016-04-21 00:11:33 -0700,2016-06-30 23:15:30 -0700,e1a66ec71c,County Correctional Center,65332,Pre-trial
5789448397204,248306168-0,2015-07-01 21:01:33 -0700,2016-06-30 13:15:17 -0700,ba66b8e847,County Correctional Center,38771,Pre-trial
3158061906988,239043086-4,2015-09-22 05:47:34 -0700,2016-06-29 22:02:56 -0700,e9c4d700b4,Medical Facility,17500,Pre-trial
1282437660876,077273460-7,2016-04-05 21:01:20 -0700,2016-06-28 21:01:28 -0700,91468898b1,Main Jail Complex,4862,Sentenced
9381470660705,787763023-9,2016-01-14 13:26:49 -0800,2016-06-28 19:51:03 -0700,13c1d004a2,County Correctional Center,4839,Sentenced
1650824071381,180760965-0,2015-09-20 05:39:44 -0700,2016-06-25 21:56:09 -0700,933a40cd44,Main Jail Complex,1338,Sentenced
2686114250357,265525805-3,2016-05-27 18:58:16 -0700,2016-06-24 04:07:17 -0700,6a3a859a21,County Correctional Center,89003,Pre-trial
3577635457037,237504835-0,2016-05-07 05:11:12 -0700,2016-06-23 22:36:10 -0700,2068dcde4b,County Correctional Center,7497,Pre-trial
7154700151487,688092524-3,2015-07-26 03:57:14 -0700,2016-06-23 10:37:37 -0700,cd7c3cb2b9,Medical Facility,1107,Sentenced
6465858270502,792614035-X,2016-06-12 01:34:15 -0700,2016-06-22 13:14:57 -0700,97b69e22b5,County Correctional Center,9157,Pre-trial
2799443173843,409330412-2,2016-06-20 08:49:26 -0700,2016-06-20 09:40:30 -0700,4508e43856,Medical Facility,660,Sentenced
9161551656809,488475611-8,2015-12-19 16:43:58 -0800,2016-06-16 06:13:27 -0700,e055405a87,Main Jail Complex,18723,Sentenced
5843814172830,180612580-3,2015-10-08 12:50:58 -0700,2016-06-15 07:03:34 -0700,dea437c35c,County Correctional Center,18003,Pre-trial
3511097477868,515520664-2,2016-03-13 03:28:10 -0700,2016-06-09 13:57:50 -0700,1cee03516c,County Correctional Center,27149,Pre-trial
4259591314331,120306573-6,2015-08-29 14:21:35 -0700,2016-06-06 18:51:39 -0700,537481b447,Main Jail Complex,17234,Sentenced
8209284600155,683671292-2,2016-05-06 00:13:31 -0700,2016-06-05 04:30:02 -0700,dbb5b087b8,County Correctional Center,451,Sentenced
8709014533321,118814016-7,2015-04-10 10:23:48 -0700,2016-06-05 01:56:40 -0700,7b9b57d2de,County Correctional Center,9450,Pre-trial
441096120362,062096577-0,2016-02-15 03:38:57 -0800,2016-06-03 11:32:22 -0700,ecc778e975,Main Jail Complex,8522,Sentenced
3296513469961,707833810-3,2016-03-15 00:36:39 -0700,2016-06-02 17:23:29 -0700,4063e5d30c,County Correctional Center,3244,Pre-trial
4220481513554,782370652-0,2016-03-09 09:00:22 -0800,2016-06-01 23:51:24 -0700,cbc3eaa254,Main Jail Complex,980,Sentenced
923351857652,663607992-4,2015-12-17 11:37:16 -0800,2016-06-01 21:39:37 -0700,1954dd1a8d,Medical Facility,54196,Sentenced
4429584484345,194269893-3,2014-12-24 19:09:23 -0800,2016-05-30 18:15:42 -0700,e0693605b0,County Correctional Center,22367,Sentenced
3332725462519,761148780-9,2016-05-21 00:33:13 -0700,2016-05-29 20:07:23 -0700,3817b5ba11,Main Jail Complex,923,Sentenced
9502217572505,359209864-0,2015-02-28 14:13:09 -0800,2016-05-29 14:11:02 -0700,d81d3ac45b,Medical Facility,88950,Sentenced
2918728018338,154791523-4,2015-06-28 21:39:15 -0700,2016-05-27 01:41:34 -0700,8a63c0c76b,Main Jail Complex,556,Sentenced
5413675750692,536163458-1,2015-03-18 19:43:48 -0700,2016-05-26 12:21:46 -0700,22d1ce4492,Medical Facility,78800,Pre-trial
8050142778536,131337038-X,2015-10-02 15:14:35 -0700,2016-05-25 20:49:37 -0700,a625255428,Main Jail Complex,269,Sentenced
6850377570156,766507973-3,2015-10-08 17:22:06 -0700,2016-05-21 10:10:48 -0700,2257b32bd7,Main Jail Complex,49706,Pre-trial
2453676935172,523662220-4,2015-08-05 22:42:04 -0700,2016-05-21 06:26:31 -0700,8841e7b152,County Correctional Center,311,Pre-trial
6404725626837,353921423-2,2016-01-07 02:48:23 -0800,2016-05-19 06:16:01 -0700,da8d7e7995,County Correctional Center,147,Pre-trial
4995650760045,413118819-8,2016-02-12 12:00:41 -0800,2016-05-17 22:20:04 -0700,cd1c54a808,Main Jail Complex,4981,Pre-trial
3611237272718,353863627-3,2016-05-04 05:51:24 -0700,2016-05-10 00:15:30 -0700,a3b6675d82,County Correctional Center,15474,Sentenced
2292161968642,726872327-X,2015-07-11 22:03:50 -0700,2016-05-09 01:25:26 -0700,9408b49908,Main Jail Complex,8908,Pre-trial
8379018714943,479556013-7,2016-04-18 08:07:49 -0700,2016-05-08 16:33:33 -0700,ca0cc19aa4,Medical Facility,492,Pre-trial
1713708885990,199577496-0,2015-05-11 14:25:09 -0700,2016-05-06 13:21:37 -0700,c90533cddb,County Correctional Center,802,Sentenced
4236482088854,137905735-3,2016-04-02 04:56:52 -0700,2016-05-04 18:55:49 -0700,5781876dab,Medical Facility,8130,Pre-trial
7365022894321,816416193-4,2015-09-02 17:08:11 -0700,2016-05-03 04:04:37 -0700,41cd624dd0,County Correctional Center,5521,Pre-trial
1071013548321,217386015-1,2016-02-26 10:28:21 -0800,2016-05-02 22:35:54 -0700,2b79034155,County Correctional Center,28344,Sentenced
379561366413,325350571-5,2016-04-18 04:49:30 -0700,2016-05-01 21:25:31 -0700,4820023715,Medical Facility,16989,Sentenced
7135996138598,001876614-5,2015-12-23 06:52:37 -0800,2016-05-01 13:55:31 -0700,e33c802526,Medical Facility,108,Pre-trial
3431820634569,208094565-3,2015-01-11 23:11:04 -0800,2016-04-30 04:14:03 -0700,aaa5389435,Main Jail Complex,11354,Sentenced
4436899334920,570979240-3,2015-11-11 04:20:46 -0800,2016-04-29 07:33:37 -0700,3b2d92517e,Main Jail Complex,3917,Sentenced
9205699804521,456124383-6,2015-10-12 09:19:16 -0700,2016-04-28 21:24:44 -0700,6d45859607,County Correctional Center,6716,Sentenced
3476377099829,881307119-1,2015-12-18 05:04:35 -0800,2016-04-25 14:50:24 -0700,d867c76a3d,Main Jail Complex,297,Pre-trial
364842224377,651863958-X,2015-10-01 18:44:01 -0700,2016-04-24 13:08:44 -0700,3ca4bdd888,County Correctional Center,600,Pre-trial
4074772186404,961174476-5,2016-02-23 00:10:52 -0800,2016-04-21 20:45:22 -0700,0b312abccb,Medical Facility,1685,Sentenced
9321595219044,296476655-X,2016-04-14 17:53:32 -0700,2016-04-19 22:41:27 -0700,063d43d8d1,County Correctional Center,512,Sentenced
8095912604332,652450977-3,2016-01-09 19:33:01 -0800,2016-04-17 08:14:37 -0700,0194296b2b,County Correctional Center,762,Sentenced
8875313938843,752925940-7,2016-04-03 21:50:33 -0700,2016-04-15 01:37:11 -0700,252be308eb,Medical Facility,21868,Sentenced
1772655771152,329495680-0,2016-03-18 17:32:37 -0700,2016-04-14 08:48:10 -0700,a00c27dd9e,Medical Facility,25116,Pre-trial
4968219333141,892978561-1,2015-05-22 00:37:18 -0700,2016-04-13 17:25:08 -0700,3281a6d3d5,County Correctional Center,80247,Pre-trial
9250431317326,836254066-4,2015-02-03 11:58:21 -0800,2016-04-12 07:10:07 -0700,e174b87841,County Correctional Center,5360,Sentenced
8533191982531,973784956-6,2015-04-23 20:43:20 -0700,2016-04-12 04:22:45 -0700,1d6ac582d4,County Correctional Center,7859,Pre-trial
2290566595944,359338678-X,2015-06-03 23:33:52 -0700,2016-04-11 02:16:24 -0700,8.7704927E+07,Main Jail Complex,6919,Pre-trial
6363343258816,427688839-5,2015-09-10 20:30:21 -0700,2016-04-10 18:29:45 -0700,a14a95ea94,Main Jail Complex,44887,Pre-trial
6627236071143,554925682-7,2015-07-22 17:59:22 -0700,2016-04-10 15:45:44 -0700,324916c02e,Medical Facility,2404,Pre-trial
8123441509733,388987205-0,2015-05-07 01:22:39 -0700,2016-04-10 02:23:37 -0700,1ddb0553b4,County Correctional Center,36125,Sentenced
8501895157197,281768479-6,2015-04-30 14:34:16 -0700,2016-04-09 03:39:17 -0700,065d3a6ded,Main Jail Complex,833,Sentenced
4129154900113,523151883-2,2015-07-13 12:02:32 -0700,2016-04-07 23:26:53 -0700,9ee1b63965,County Correctional Center,6231,Sentenced
1362798417460,919259002-0,2015-04-10 09:57:00 -0700,2016-04-06 15:25:03 -0700,9e494d0c95,County Correctional Center,8271,Sentenced
1318013108361,232463696-4,2015-10-09 22:43:37 -0700,2016-04-06 02:16:40 -0700,e912328d78,County Correctional Center,81017,Pre-trial
8135686632237,665227262-8,2015-12-15 18:19:10 -0800,2016-04-05 09:05:39 -0700,0ca8e6deb7,County Correctional Center,79892,Pre-trial
9706351543173,001259708-2,2016-01-05 13:20:35 -0800,2016-04-05 02:46:49 -0700,5d33eb996c,Medical Facility,1381,Sentenced
237163044620,663717571-4,2015-06-08 13:48:15 -0700,2016-04-04 04:31:16 -0700,bc08abcbc5,Main Jail Complex,8336,Pre-trial
9338815477917,910481526-2,2015-04-23 13:06:57 -0700,2016-04-03 07:17:44 -0700,1c9c5a758c,Main Jail Complex,7215,Pre-trial
1768311646742,175527090-9,2016-01-14 01:43:18 -0800,2016-03-30 13:34:50 -0700,e5d0db5c41,Main Jail Complex,16898,Sentenced
5877115916367,202081556-7,2015-12-03 22:40:08 -0800,2016-03-29 22:53:02 -0700,904da5755b,Medical Facility,33100,Sentenced
9163634068813,697792910-3,2016-03-12 09:39:43 -0800,2016-03-28 09:38:40 -0700,87db5a46d2,Main Jail Complex,5965,Pre-trial
2583451991571,723304414-7,2016-03-17 07:21:40 -0700,2016-03-26 21:39:03 -0700,d5747dd7b9,Main Jail Complex,362,Sentenced
5189738660429,774139143-7,2016-03-05 02:28:28 -0800,2016-03-24 12:07:47 -0700,b05a5171ba,County Correctional Center,45264,Sentenced
6022466116419,981838469-5,2015-06-12 06:25:45 -0700,2016-03-22 23:47:16 -0700,d6828055b4,Main Jail Complex,17249,Pre-trial
963138191296,922207546-3,2016-03-15 07:11:31 -0700,2016-03-20 19:12:44 -0700,c2a1386691,County Correctional Center,732,Sentenced
5881825675353,728521425-6,2016-02-02 02:53:57 -0800,2016-03-20 05:09:37 -0700,3987ebe56c,County Correctional Center,5840,Pre-trial
8285629706850,275578368-0,2016-02-08 05:05:38 -0800,2016-03-17 19:04:54 -0700,e6438cb1c1,County Correctional Center,5574,Sentenced
1738546229706,662573300-8,2015-05-19 01:22:52 -0700,2016-03-16 08:17:55 -0700,0aab956099,Medical Facility,4352,Sentenced
1247066537418,400196401-5,2015-12-25 01:27:24 -0800,2016-03-14 18:32:17 -0700,78633569ab,Main Jail Complex,31853,Pre-trial
3950043360586,717808450-2,2016-03-04 14:38:54 -0800,2016-03-09 13:05:35 -0800,18c86b176a,Main Jail Complex,40414,Pre-trial
8361664987987,265525805-3,2015-02-19 08:35:30 -0800,2016-03-08 09:20:46 -0800,44bc313536,Main Jail Complex,86193,Pre-trial
2912890937855,588850689-3,2016-01-13 23:48:32 -0800,2016-03-08 02:29:03 -0800,9be5811b67,Main Jail Complex,57415,Pre-trial
2846050700426,917667234-4,2015-06-12 05:18:05 -0700,2016-03-01 19:23:51 -0800,aa52155990,Medical Facility,20557,Pre-trial
5860602228524,881761172-7,2015-08-31 18:48:31 -0700,2016-02-26 13:40:50 -0800,308d6308a8,County Correctional Center,872,Pre-trial
7731614116476,595706259-6,2015-11-18 12:49:57 -0800,2016-02-25 15:58:53 -0800,5ddab5b960,County Correctional Center,3794,Sentenced
432072274308,621399730-X,2015-03-09 22:39:31 -0700,2016-02-22 13:40:48 -0800,b21ae216cb,County Correctional Center,5793,Sentenced
3054493668220,102940724-X,2015-05-30 12:06:37 -0700,2016-02-15 01:07:07 -0800,b6489e9565,Main Jail Complex,82818,Sentenced
1947757842202,248306168-0,2016-02-04 11:27:41 -0800,2016-02-14 13:39:45 -0800,dc6ce787bc,Main Jail Complex,714,Sentenced
3240640966466,967830226-8,2015-08-31 12:11:46 -0700,2016-02-13 18:11:53 -0800,98bce687bb,Main Jail Complex,494,Sentenced
9305127178450,451764619-X,2015-06-28 10:35:43 -0700,2016-02-09 19:59:02 -0800,87b65ed44a,County Correctional Center,512,Sentenced
9013773898188,680441237-0,2015-04-07 06:27:58 -0700,2016-02-09 18:11:03 -0800,6d3408725d,Main Jail Complex,840,Sentenced
5825331748149,614562484-1,2014-12-13 14:21:05 -0800,2016-02-08 09:25:12 -0800,3bca18abe7,Main Jail Complex,64619,Sentenced
103009321982,385559395-7,2015-09-13 03:57:24 -0700,2016-02-06 19:51:38 -0800,cc95b36158,Main Jail Complex,951,Pre-trial
528251186507,684457125-9,2015-09-22 13:57:04 -0700,2016-02-05 14:13:08 -0800,c87a29a521,County Correctional Center,8370,Pre-trial
6866838566910,953339258-4,2015-12-13 01:27:55 -0800,2016-02-04 22:19:44 -0800,dd12778810,Main Jail Complex,49751,Pre-trial
9953662621605,436086206-7,2016-01-09 05:50:44 -0800,2016-02-04 10:26:55 -0800,03e6dc6be2,County Correctional Center,58712,Sentenced
4402333463440,610887459-7,2015-09-18 10:55:53 -0700,2016-02-03 20:12:09 -0800,50bb94d2e3,Main Jail Complex,949,Sentenced
2886125009092,512748995-3,2015-10-27 08:44:46 -0700,2016-02-03 11:24:57 -0800,86ec4b8e62,County Correctional Center,2445,Sentenced
6192217347345,436237248-2,2015-12-11 00:51:22 -0800,2016-01-30 18:04:01 -0800,24379a3631,Main Jail Complex,2900,Pre-trial
8164936632406,752925940-7,2015-07-26 05:00:54 -0700,2016-01-27 10:05:16 -0800,43b1999cee,Medical Facility,5109,Sentenced
6853113796391,607809898-5,2015-06-28 00:27:38 -0700,2016-01-21 16:35:50 -0800,5475e26813,Medical Facility,2828,Sentenced
3913359125669,816693012-9,2015-01-05 00:12:17 -0800,2016-01-20 10:39:02 -0800,78949eeaeb,County Correctional Center,3713,Sentenced
6243967762916,483758021-1,2015-10-11 12:47:36 -0700,2016-01-18 17:42:56 -0800,a3249e74c4,County Correctional Center,27143,Sentenced
3931601682166,200989791-9,2015-08-31 14:10:42 -0700,2016-01-16 23:14:20 -0800,8.575755E+27,Medical Facility,21013,Pre-trial
733864295564,248112059-0,2015-12-27 11:27:55 -0800,2016-01-16 00:49:35 -0800,ac7d2a10b2,Main Jail Complex,93950,Pre-trial
1781644631223,393860004-7,2016-01-05 04:46:57 -0800,2016-01-15 08:50:33 -0800,60dc92c590,Main Jail Complex,13151,Sentenced
3837803895093,253783409-7,2015-12-17 02:30:30 -0800,2016-01-13 19:59:23 -0800,04b9d9174c,Main Jail Complex,74964,Pre-trial
9788513762615,751336598-9,2015-11-07 22:17:57 -0800,2016-01-11 18:49:05 -0800,ed5470db1d,Main Jail Complex,41436,Sentenced
478723482531,799789906-5,2015-07-03 00:56:57 -0700,2016-01-11 04:53:23 -0800,732bab691d,Medical Facility,8178,Sentenced
7226940282341,989176321-8,2015-02-21 07:58:13 -0800,2016-01-08 21:38:27 -0800,8280b0a747,Main Jail Complex,3109,Sentenced
4950229056813,188422751-1,2015-10-27 04:58:25 -0700,2016-01-07 18:36:02 -0800,a4136bd43e,Medical Facility,364,Pre-trial
4742221210603,809972962-5,2015-12-18 06:30:47 -0800,2016-01-06 00:11:41 -0800,9c3a0ec9d3,Medical Facility,9305,Sentenced
9891200745188,699008490-1,2015-02-02 13:29:20 -0800,2016-01-04 06:32:18 -0800,35e561deb3,County Correctional Center,398,Sentenced
7116980059433,704592373-2,2015-03-13 22:38:12 -0700,2016-01-03 08:21:09 -0800,deac396d62,Medical Facility,21751,Pre-trial
9079852254009,142414518-X,2015-09-28 09:54:46 -0700,2016-01-02 13:57:38 -0800,8da79ddd36,Medical Facility,332,Sentenced
6066936467045,642844522-0,2015-08-26 18:18:06 -0700,2016-01-02 10:16:35 -0800,6aedb2d1ce,Main Jail Complex,282,Pre-trial
2444139788572,254336567-2,2015-05-21 20:46:30 -0700,2015-12-30 12:12:06 -0800,424eb973c0,Medical Facility,78316,Sentenced
3519578678698,088266659-2,2015-11-25 11:47:54 -0800,2015-12-20 04:30:36 -0800,33e524d966,Main Jail Complex,7064,Pre-trial
5353633405090,846465311-5,2015-04-14 10:20:12 -0700,2015-12-16 09:38:30 -0800,ea51910dd4,Main Jail Complex,531,Sentenced
9335256926240,774139143-7,2015-09-17 13:41:59 -0700,2015-12-12 14:18:22 -0800,671eaa75d4,Medical Facility,48669,Pre-trial
8782836241681,701671481-0,2014-12-15 02:34:41 -0800,2015-12-12 04:33:18 -0800,1.961122E+08,Medical Facility,441,Sentenced
2155051761085,951322964-5,2015-05-03 03:16:45 -0700,2015-12-11 03:53:03 -0800,94eab824c3,Medical Facility,178,Pre-trial
6001002645484,679071520-7,2015-10-31 02:03:58 -0700,2015-12-10 23:09:46 -0800,26cd14d7e0,Medical Facility,861,Pre-trial
845732236217,265525805-3,2015-04-13 16:31:08 -0700,2015-12-09 03:38:45 -0800,d3bd3bc050,Medical Facility,509,Sentenced
149521086169,398081253-7,2015-07-07 12:30:26 -0700,2015-12-08 23:29:20 -0800,a3b914c7d2,Main Jail Complex,978,Sentenced
2490110737534,283482074-0,2015-06-29 13:20:27 -0700,2015-12-07 05:46:58 -0800,c2a8c03e5b,County Correctional Center,50554,Sentenced
8903660629500,932215770-4,2015-03-06 21:54:22 -0800,2015-12-01 08:53:33 -0800,3e6a102699,County Correctional Center,4721,Sentenced
5521629760199,597508816-X,2015-09-01 09:07:06 -0700,2015-11-30 07:13:03 -0800,a8c72c5d59,Main Jail Complex,929,Sentenced
690149837287,663759344-3,2015-09-15 02:40:52 -0700,2015-11-26 23:50:54 -0800,28c778b542,Main Jail Complex,845,Pre-trial
3794148722784,607239102-8,2015-09-04 09:23:28 -0700,2015-11-25 00:20:33 -0800,973c2b51db,Main Jail Complex,6815,Pre-trial
1632343693787,901234910-9,2015-03-31 06:11:10 -0700,2015-11-21 16:33:02 -0800,5e3550395a,Medical Facility,6345,Pre-trial
110506673698,296476655-X,2015-10-10 00:39:52 -0700,2015-11-16 12:01:45 -0800,d0a65da276,Main Jail Complex,3672,Sentenced
4930190199665,892978561-1,2015-05-18 06:26:13 -0700,2015-11-14 04:42:44 -0800,255a47870e,Main Jail Complex,447,Sentenced
2102158015467,253698130-4,2015-08-22 02:16:57 -0700,2015-11-11 10:50:39 -0800,e075acd46d,County Correctional Center,8375,Pre-trial
6664052364295,789341575-4,2015-10-28 20:26:11 -0700,2015-11-07 11:32:47 -0800,5ee2bc5bc9,Main Jail Complex,448,Pre-trial
1292728179093,474221949-X,2015-04-08 12:52:34 -0700,2015-11-06 14:35:27 -0800,1e9cab1961,Main Jail Complex,759,Pre-trial
8121955150502,122791677-9,2015-06-16 03:57:22 -0700,2015-11-05 21:06:06 -0800,01d27b7dc7,Medical Facility,693,Pre-trial
9470195166934,644856576-0,2015-05-23 03:50:09 -0700,2015-11-02 07:17:51 -0800,b0c8ba6cb9,Medical Facility,503,Pre-trial
6748970877133,827328326-7,2015-10-18 21:01:54 -0700,2015-10-28 13:44:18 -0700,aabc8b2358,County Correctional Center,64797,Sentenced
1474497045100,646542214-X,2015-06-29 22:14:38 -0700,2015-10-21 15:33:18 -0700,b610462633,Main Jail Complex,18634,Sentenced
3917702683615,376915667-6,2015-04-23 04:42:35 -0700,2015-10-21 06:11:19 -0700,039e082689,County Correctional Center,97036,Pre-trial
9159248096076,827439823-8,2015-08-31 00:08:46 -0700,2015-10-19 23:07:08 -0700,ed628e1c2b,County Correctional Center,62065,Sentenced
8185154711445,285905316-6,2015-10-16 22:41:16 -0700,2015-10-17 12:51:59 -0700,5c38e74eb1,County Correctional Center,93190,Pre-trial
3292958781095,788704051-5,2014-12-28 15:10:41 -0800,2015-10-16 12:43:13 -0700,de8985791e,County Correctional Center,9093,Pre-trial
3466880020397,410880435-X,2015-02-22 04:47:40 -0800,2015-10-14 05:30:19 -0700,23551c48b6,County Correctional Center,1517,Sentenced
1058872908763,614769073-6,2015-08-08 12:56:27 -0700,2015-10-11 08:38:02 -0700,a75216ec7a,County Correctional Center,451,Sentenced
904744142821,308517030-8,2015-09-10 19:34:25 -0700,2015-10-04 16:12:06 -0700,b099e7759b,County Correctional Center,35997,Pre-trial
3358202909575,601800267-1,2015-01-08 11:41:56 -0800,2015-10-01 16:08:25 -0700,5ce4db013d,Medical Facility,1911,Pre-trial
2405392488050,513229888-5,2015-03-16 07:58:30 -0700,2015-09-28 23:23:25 -0700,5188ac2b34,Medical Facility,4157,Sentenced
734621971110,377981674-1,2015-06-21 18:10:21 -0700,2015-09-22 17:43:52 -0700,0dddd8767c,Medical Facility,55644,Pre-trial
6987523386481,933741031-1,2015-01-03 20:42:59 -0800,2015-09-17 11:17:43 -0700,d85c3cd679,Main Jail Complex,5423,Pre-trial
3100600996165,154791523-4,2015-05-25 04:11:53 -0700,2015-09-14 19:12:18 -0700,464ba63a23,Main Jail Complex,73918,Pre-trial
3317770091761,536163458-1,2015-06-04 09:31:18 -0700,2015-09-09 12:03:38 -0700,d2ba48682a,County Correctional Center,53648,Pre-trial
16853575312,291983065-1,2014-12-11 19:48:45 -0800,2015-09-08 03:44:29 -0700,5a17a7d737,Medical Facility,53739,Pre-trial
51072992892,507814818-3,2015-06-29 02:22:51 -0700,2015-09-07 21:05:40 -0700,ce88d74bd6,Medical Facility,6827,Sentenced
8397502195764,869149488-3,2015-01-21 17:35:19 -0800,2015-09-07 19:50:56 -0700,47857d2c62,Main Jail Complex,689,Pre-trial
4275776420864,910342763-3,2014-12-16 21:29:51 -0800,2015-09-06 20:17:10 -0700,ad7b3da1d8,County Correctional Center,57925,Pre-trial
3973073548595,104086027-3,2015-02-13 02:43:31 -0800,2015-09-06 10:52:45 -0700,c2cd5b1460,Main Jail Complex,60000,Pre-trial
2361171390931,248306168-0,2015-04-19 11:23:21 -0700,2015-08-24 22:49:47 -0700,e30d854513,Medical Facility,3164,Pre-trial
5606677335282,330545908-5,2015-03-31 12:38:21 -0700,2015-08-21 18:34:56 -0700,33466e711c,County Correctional Center,8792,Pre-trial
4105458783164,668719183-7,2015-05-07 02:19:31 -0700,2015-08-21 03:56:51 -0700,74988bc688,County Correctional Center,4192,Sentenced
8322091095096,678921325-2,2015-07-16 14:59:08 -0700,2015-08-17 23:34:01 -0700,7956114a70,Main Jail Complex,2450,Pre-trial
5206000299481,172352356-9,2015-05-11 07:16:22 -0700,2015-08-17 10:03:01 -0700,9dc1a8b9cd,Main Jail Complex,672,Pre-trial
9181745662652,783720194-9,2015-06-11 08:49:23 -0700,2015-08-08 20:54:46 -0700,50be91e98b,Main Jail Complex,73758,Sentenced
7947718906848,272770183-7,2015-01-20 21:06:16 -0800,2015-08-06 01:09:41 -0700,47c6a1dd4a,County Correctional Center,76896,Sentenced
8758863910814,096670017-1,2015-05-02 19:42:55 -0700,2015-08-04 15:12:53 -0700,3e94b0a028,Main Jail Complex,1808,Sentenced
6015789487397,789396169-4,2015-06-18 09:33:06 -0700,2015-08-03 21:55:42 -0700,ee1c54525b,County Correctional Center,572,Sentenced
2809728229278,895388453-5,2015-02-03 21:58:51 -0800,2015-08-03 15:21:24 -0700,495d8b5ac7,Medical Facility,910,Sentenced
278650354563,523566881-2,2015-03-05 03:51:40 -0800,2015-08-02 10:51:14 -0700,011544d5b0,Medical Facility,73844,Sentenced
9043509388850,608186249-6,2015-03-10 20:37:44 -0700,2015-07-30 16:09:05 -0700,52155371d3,Main Jail Complex,378,Sentenced
5595653728340,461142411-1,2015-01-13 02:47:59 -0800,2015-07-22 06:38:56 -0700,4d326a1453,County Correctional Center,90282,Pre-trial
6929261555248,348323465-9,2015-02-07 05:26:36 -0800,2015-07-06 18:02:06 -0700,d2809e0d84,Main Jail Complex,47360,Pre-trial
5453047992121,823122272-3,2015-02-06 20:05:50 -0800,2015-06-21 16:32:58 -0700,3cdeab1546,County Correctional Center,60876,Sentenced
433286551025,433683294-3,2015-02-05 21:44:07 -0800,2015-06-20 03:09:14 -0700,9660de3b58,Main Jail Complex,976,Sentenced
5934536035012,169512925-3,2015-05-14 01:06:11 -0700,2015-06-15 23:46:36 -0700,734d90d79b,Main Jail Complex,2517,Pre-trial
4361224674962,424814809-9,2015-04-11 13:28:47 -0700,2015-06-05 18:36:10 -0700,1312700079,Medical Facility,14124,Sentenced
1428782678597,186610841-7,2015-01-15 19:45:15 -0800,2015-06-04 15:51:03 -0700,aadddc504c,Main Jail Complex,18605,Pre-trial
9206549484436,047831433-7,2015-05-21 12:27:18 -0700,2015-05-31 18:48:30 -0700,17bbbc360d,Medical Facility,547,Sentenced
2286357448155,424184303-4,2015-03-18 14:39:32 -0700,2015-05-13 21:30:47 -0700,4479a32c65,Medical Facility,78466,Sentenced
2774871937991,283361862-X,2015-03-16 10:56:46 -0700,2015-05-02 04:01:24 -0700,034cd44613,Main Jail Complex,455,Sentenced
1781017285879,074264019-1,2014-12-25 06:11:24 -0800,2015-04-23 18:36:42 -0700,64244404b1,Medical Facility,8779,Sentenced
5870125214782,283482074-0,2015-01-30 04:29:20 -0800,2015-04-18 10:43:38 -0700,14a256ea7e,Main Jail Complex,152,Sentenced
3504341084783,281742015-2,2015-03-07 00:13:11 -0800,2015-04-17 17:34:19 -0700,9a050a1cec,Main Jail Complex,58319,Sentenced
7234241429877,451764619-X,2014-12-09 20:09:55 -0800,2015-04-17 01:29:36 -0700,23e27e0073,Main Jail Complex,321,Sentenced
975601496760,597275432-0,2015-01-30 19:06:12 -0800,2015-04-14 11:56:00 -0700,9203ce5102,Main Jail Complex,2477,Pre-trial
420853886161,496461735-1,2014-12-30 03:23:02 -0800,2015-04-04 07:56:15 -0700,3d7316b3a8,County Correctional Center,5386,Sentenced
5810740611375,796046662-9,2015-02-16 20:53:18 -0800,2015-03-31 21:59:15 -0700,5bada17178,Medical Facility,874,Pre-trial
6378894029075,512962585-4,2015-01-11 12:15:21 -0800,2015-03-04 02:38:04 -0800,36884e03e0,County Correctional Center,916,Pre-trial
1199511130616,567474737-7,2015-01-31 09:54:15 -0800,2015-02-26 09:58:44 -0800,0cb200989d,Medical Facility,47991,Pre-trial
5545768524177,327341074-4,2014-12-21 03:37:27 -0800,2014-12-21 18:27:41 -0800,73ccd68bb9,County Correctional Center,90221,Pre-trial
2901384334416,248027354-7,2016-11-02 16:42:44 -0700,,69a99dde4d,Medical Facility,109,Pre-trial
1565162420879,072576775-8,2016-01-29 15:01:46 -0800,,e694bd476c,Medical Facility,115,Pre-trial
1100287233968,385559395-7,2015-03-26 07:28:03 -0700,,8736b9045a,Medical Facility,115,Pre-trial
1289097546960,217386015-1,2016-07-12 11:34:10 -0700,,48777795d5,Medical Facility,118,Pre-trial
2715612736220,738812224-9,2015-09-27 02:59:02 -0700,,db094264cb,Medical Facility,119,Pre-trial
5965378218547,142414518-X,2015-07-13 11:34:15 -0700,,9d7264123c,Medical Facility,125,Pre-trial
1887870538104,287770771-7,2015-07-01 01:13:42 -0700,,536485c3e1,Medical Facility,129,Pre-trial
9472551452880,204093508-8,2016-02-06 18:40:51 -0800,,b8b1470dda,Medical Facility,129,Pre-trial
1222311124940,157733748-4,2014-12-16 08:01:07 -0800,,bac72464ab,Medical Facility,133,Pre-trial
6740014928184,241621264-8,2016-04-12 14:26:24 -0700,,3e075130b6,Medical Facility,138,Pre-trial
9350876367266,001259708-2,2015-12-26 03:42:24 -0800,,dc53b990e9,Medical Facility,146,Sentenced
3677024684157,400196401-5,2016-06-30 22:08:38 -0700,,bb13bbcbab,Medical Facility,152,Pre-trial
4094879998625,439485051-7,2015-06-08 02:54:56 -0700,,6389b68b42,Medical Facility,205,Pre-trial
1064621485591,744532650-2,2016-03-06 09:01:42 -0800,,7050a70ac3,Medical Facility,211,Pre-trial
1803701269214,141545371-3,2015-04-23 08:41:17 -0700,,c07c628e2b,Medical Facility,223,Pre-trial
5892820673886,165956508-1,2016-06-17 22:37:45 -0700,,4ebb8b7a75,Medical Facility,226,Pre-trial
1487748396234,764438158-9,2016-02-01 18:49:14 -0800,,6e9b6d1a67,Medical Facility,232,Pre-trial
4649283165080,479556013-7,2015-12-29 03:27:21 -0800,,2a65ae8e87,Medical Facility,237,Pre-trial
4435543281030,070563471-X,2015-06-03 21:55:52 -0700,,6881aad13e,Medical Facility,240,Pre-trial
6463917450544,752925940-7,2016-01-14 14:38:35 -0800,,a1aa049396,Medical Facility,243,Pre-trial
71564435317,332515852-8,2015-08-04 00:57:12 -0700,,b78309abbc,Medical Facility,260,Sentenced
8973615332724,267906715-0,2015-03-26 11:48:37 -0700,,4e07a58d10,Medical Facility,261,Sentenced
4682777108583,969299033-8,2016-08-02 06:56:40 -0700,,c7cec68b1c,Medical Facility,262,Pre-trial
5927248360534,278085463-4,2016-01-04 01:27:18 -0800,,4ed026aac4,Medical Facility,265,Sentenced
7357757262902,248112059-0,2015-01-07 08:50:53 -0800,,2db1095a1a,Medical Facility,267,Pre-trial
602008532608,576777607-5,2015-10-27 13:29:55 -0700,,24829a1c4d,Medical Facility,272,Pre-trial
9292828299525,034098834-7,2016-02-27 16:11:13 -0800,,26b61311e4,Medical Facility,278,Pre-trial
7639830502724,774139143-7,2016-06-19 11:44:05 -0700,,343b9231ed,Medical Facility,287,Pre-trial
9646044777921,202968257-8,2015-01-27 10:40:17 -0800,,983017db0a,Medical Facility,287,Sentenced
9039740214812,628477972-0,2014-12-09 10:49:18 -0800,,9b0de2a2da,Medical Facility,296,Sentenced
277766939633,251837600-3,2016-01-01 08:45:01 -0800,,3775b61653,Medical Facility,298,Pre-trial
8813691193096,115060677-0,2015-08-22 09:58:53 -0700,,c8bc019a12,Medical Facility,314,Pre-trial
4651771099500,282496859-1,2016-04-30 19:10:41 -0700,,b4b9632526,Medical Facility,331,Pre-trial
1498134306577,588850689-3,2015-04-28 18:02:12 -0700,,b5a0b5dbd1,Medical Facility,349,Pre-trial
2085785810134,667431954-6,2014-12-22 10:24:32 -0800,,78523c55b8,Medical Facility,351,Pre-trial
1228964525479,510501745-5,2016-02-23 03:25:32 -0800,,1bb306e67d,Medical Facility,351,Sentenced
6583726774713,009844019-5,2016-02-14 12:10:00 -0800,,a13a941ed7,Medical Facility,361,Pre-trial
731947654000,247633224-0,2015-12-07 14:26:42 -0800,,1c74614b67,Medical Facility,365,Sentenced
5931088564267,297653915-4,2016-05-04 08:00:04 -0700,,e4ea0db1ec,Medical Facility,369,Pre-trial
9295964690188,137905735-3,2015-06-18 13:41:33 -0700,,9286371ad7,Medical Facility,369,Pre-trial
6663978889745,117208864-0,2015-06-29 12:20:29 -0700,,873ac7b03c,Medical Facility,381,Pre-trial
9066372502253,626186335-0,2016-04-17 17:13:12 -0700,,77b45a794c,Medical Facility,385,Sentenced
7161230490313,281672046-2,2015-11-14 02:08:02 -0800,,1b248b0208,Medical Facility,391,Pre-trial
4043354892354,874073972-4,2014-12-17 00:53:10 -0800,,8e3be398e6,Medical Facility,396,Pre-trial
8127056400126,451169383-8,2016-05-26 19:06:42 -0700,,cd22c23c53,Medical Facility,400,Sentenced
3410302516524,154791523-4,2015-10-29 17:23:12 -0700,,9b249ee05b,Medical Facility,413,Pre-trial
4938278512597,157404894-5,2015-10-16 16:05:20 -0700,,7.894049E+96,Medical Facility,419,Pre-trial
2809763079715,495276657-8,2015-06-07 06:46:40 -0700,,5ac7b74127,Medical Facility,425,Pre-trial
1090560276921,797256689-5,2015-09-24 06:25:51 -0700,,2dced7dcd6,Medical Facility,427,Pre-trial
2434594417889,538117328-8,2015-06-09 10:37:09 -0700,,032e8c262d,Medical Facility,427,Pre-trial
2605112283013,353921423-2,2015-01-13 10:30:47 -0800,,134b9ed925,Medical Facility,431,Pre-trial
9296360563311,917667234-4,2016-05-06 12:26:26 -0700,,a5be1428e1,Medical Facility,436,Sentenced
4858303479469,799800669-2,2016-02-07 16:51:24 -0800,,6e0bca765b,Medical Facility,437,Pre-trial
6073271459147,695504542-3,2016-06-22 02:34:59 -0700,,b511a4b89a,Medical Facility,439,Pre-trial
6480857066079,502227589-9,2015-12-17 11:28:15 -0800,,4a5ed76324,Medical Facility,450,Sentenced
524804669749,949545348-8,2016-08-02 19:43:15 -0700,,316e377782,Medical Facility,451,Pre-trial
6328334018862,131337038-X,2016-08-22 09:13:56 -0700,,b25d82ae72,Medical Facility,465,Pre-trial
9163320934699,239043086-4,2016-07-14 11:55:03 -0700,,d6a79d9034,Medical Facility,467,Pre-trial
3811586096946,053692365-5,2016-09-13 10:08:37 -0700,,2810a3d0aa,Medical Facility,476,Sentenced
7170081219882,175527090-9,2016-06-30 18:56:27 -0700,,1d997b6ec8,Medical Facility,483,Sentenced
4244756213062,892769596-8,2015-10-19 13:48:39 -0700,,8969ec0c3c,Medical Facility,485,Pre-trial
2344176002931,679590488-1,2015-10-02 15:57:21 -0700,,2a1b8c39b9,Medical Facility,497,Pre-trial
9502198967185,589339404-6,2016-07-11 09:57:38 -0700,,e81046e1db,Medical Facility,514,Sentenced
6941971400861,248832284-9,2015-11-28 07:45:30 -0800,,d130d77ac2,Medical Facility,523,Sentenced
4248327572473,330545908-5,2015-05-11 01:47:31 -0700,,7739814529,Medical Facility,525,Pre-trial
7633178114465,248484866-8,2016-03-06 00:57:59 -0800,,9dcb7c75a7,Medical Facility,530,Pre-trial
1554249447779,809972962-5,2016-02-23 21:16:22 -0800,,b8bc55a519,Medical Facility,537,Pre-trial
6798216948233,310308081-6,2015-04-08 06:24:01 -0700,,47a1ab1750,Medical Facility,539,Pre-trial
8191898435042,573760507-8,2016-09-23 03:12:02 -0700,,67e50e5010,Medical Facility,549,Pre-trial
354130857240,597508816-X,2015-04-03 13:08:59 -0700,,09bed32691,Medical Facility,554,Pre-trial
3988255618935,281672046-2,2015-09-28 16:56:52 -0700,,0d5a0433c7,Medical Facility,564,Sentenced
1109209460765,296476655-X,2016-10-19 01:19:14 -0700,,5d5b029b0c,Medical Facility,587,Pre-trial
2189442097231,610887459-7,2016-02-16 01:18:39 -0800,,c275260ec7,Medical Facility,587,Pre-trial
7448055710162,777497443-1,2015-01-30 04:24:41 -0800,,28c0354026,Medical Facility,588,Pre-trial
9992432090104,288787964-2,2016-03-17 21:22:45 -0700,,2e8c8cd840,Medical Facility,593,Sentenced
8761628616272,302283084-X,2014-12-31 00:11:08 -0800,,287d61ed5b,County Correctional Center,597,Sentenced
9860640940859,531468341-5,2015-06-21 21:51:32 -0700,,4de42ce2b0,County Correctional Center,614,Pre-trial
6539522409311,726781296-1,2015-07-09 08:36:12 -0700,,a93170bd3e,County Correctional Center,627,Sentenced
3569310372537,979886512-X,2016-09-15 11:57:47 -0700,,b8a6057d23,County Correctional Center,654,Pre-trial
9295972705386,338453790-4,2016-03-07 11:43:24 -0800,,e1667d95be,County Correctional Center,661,Sentenced
1004119263850,251837600-3,2016-02-11 20:25:27 -0800,,92bb27302d,County Correctional Center,669,Pre-trial
2598368647664,281672046-2,2016-04-07 22:26:13 -0700,,e521d2e6e0,County Correctional Center,677,Sentenced
4123818339189,898786259-3,2015-09-26 11:46:17 -0700,,7dd147e1a3,County Correctional Center,678,Pre-trial
333703924756,290117234-2,2016-10-19 17:18:55 -0700,,1c9610bc54,County Correctional Center,693,Pre-trial
143910151452,270939132-5,2016-08-31 11:45:25 -0700,,bceb1717b7,County Correctional Center,700,Pre-trial
8998143799672,194269893-3,2015-11-12 11:21:26 -0800,,9dcc56488c,County Correctional Center,708,Sentenced
204959244311,900883836-2,2016-02-16 02:45:57 -0800,,1e74ee4d14,County Correctional Center,710,Pre-trial
5067119437078,436086206-7,2016-05-12 14:27:43 -0700,,3aa703be52,County Correctional Center,716,Sentenced
4550386168932,554178336-4,2016-08-25 02:58:48 -0700,,be4bab5c44,County Correctional Center,721,Sentenced
8876257539493,523151883-2,2015-03-05 00:46:52 -0800,,bdc1030242,County Correctional Center,725,Sentenced
8266949736697,299687611-3,2015-10-21 08:28:30 -0700,,02cb7a10e9,County Correctional Center,727,Pre-trial
9638826189497,949253730-3,2016-01-15 10:50:19 -0800,,1a0728759a,County Correctional Center,728,Sentenced
7175556070883,809369897-3,2016-02-25 12:46:32 -0800,,d2e1c99322,County Correctional Center,737,Pre-trial
9569719169121,866211389-3,2015-05-16 17:38:00 -0700,,8e769a6c4a,County Correctional Center,751,Sentenced
7898708427235,050242065-0,2015-03-11 18:46:01 -0700,,3408a25483,County Correctional Center,759,Pre-trial
2519670571522,846465311-5,2016-09-10 06:12:15 -0700,,9775202489,County Correctional Center,765,Sentenced
7290640840972,286413730-5,2015-09-29 07:37:50 -0700,,668e46d719,County Correctional Center,767,Pre-trial
2711224193598,982104684-3,2016-01-19 06:56:16 -0800,,497151594d,County Correctional Center,778,Pre-trial
1456843450882,018809970-0,2016-02-14 00:01:15 -0800,,8d80407180,County Correctional Center,778,Sentenced
3662311869546,497682756-9,2015-11-07 18:20:20 -0800,,7506269084,County Correctional Center,779,Pre-trial
5238284518187,173346709-2,2015-04-22 08:19:40 -0700,,6adb604ae3,County Correctional Center,783,Pre-trial
3484529032570,536163458-1,2016-06-12 13:51:14 -0700,,359d987497,County Correctional Center,785,Sentenced
9418645672048,701671481-0,2015-08-26 15:38:08 -0700,,eb526a1586,County Correctional Center,791,Sentenced
8769174151995,076247672-9,2015-01-30 15:23:51 -0800,,29805cb327,County Correctional Center,792,Pre-trial
4696699135954,267757302-4,2016-04-16 01:25:45 -0700,,c11256764b,County Correctional Center,799,Pre-trial
2513631316504,021422744-8,2016-05-20 00:14:55 -0700,,699b927b82,County Correctional Center,800,Sentenced
4956158555649,161249620-2,2016-06-02 21:55:13 -0700,,42a1a11200,County Correctional Center,817,Pre-trial
1142844114327,686761115-X,2016-03-27 00:04:05 -0700,,73e9d4ac00,County Correctional Center,830,Pre-trial
5659035471627,595128114-8,2016-03-22 04:56:50 -0700,,379ee53196,County Correctional Center,832,Sentenced
9645716174846,748597288-X,2015-10-25 17:23:57 -0700,,80aec4396e,County Correctional Center,837,Pre-trial
408665239603,102940724-X,2016-05-12 04:21:08 -0700,,4acde12969,County Correctional Center,840,Sentenced
8082945225740,130416836-0,2016-01-07 04:53:28 -0800,,6e2bcc3342,County Correctional Center,842,Pre-trial
2785528183012,286413730-5,2016-04-05 08:17:26 -0700,,acc102c2dd,County Correctional Center,845,Pre-trial
8822733721678,942208723-6,2015-03-13 10:13:09 -0700,,52704e6cd9,County Correctional Center,848,Pre-trial
4849162945455,398081253-7,2015-04-27 12:03:55 -0700,,e57c1b69b3,County Correctional Center,853,Pre-trial
9593970169620,819461386-8,2015-05-21 21:27:24 -0700,,73bda9b25c,County Correctional Center,870,Pre-trial
4748163300013,657195385-4,2015-09-09 16:32:30 -0700,,b95680068b,County Correctional Center,870,Pre-trial
4221190656495,297807935-5,2015-02-03 21:10:58 -0800,,22589a9b02,County Correctional Center,877,Pre-trial
9108829657366,461559610-3,2015-08-03 11:01:02 -0700,,708b6c723a,County Correctional Center,878,Pre-trial
6197373576318,471335279-9,2016-08-23 15:45:22 -0700,,0d7b227d8d,County Correctional Center,885,Pre-trial
4731205816535,159404575-5,2016-06-26 19:34:59 -0700,,6c05cc0518,County Correctional Center,902,Pre-trial
9304964220902,923420825-0,2015-08-18 02:40:39 -0700,,6aa5795b21,County Correctional Center,929,Pre-trial
5073519135483,877515993-7,2015-08-20 00:43:18 -0700,,a1b7ba4367,County Correctional Center,933,Pre-trial
3238953403167,805272555-0,2015-11-17 00:17:43 -0800,,136134d10c,County Correctional Center,938,Pre-trial
9078553651667,306549733-6,2015-12-14 14:27:06 -0800,,2b474687b7,County Correctional Center,938,Pre-trial
3890067974324,647011675-2,2015-01-26 10:37:55 -0800,,a68ceeb2ec,County Correctional Center,947,Pre-trial
5268795286176,827266814-9,2016-09-12 22:17:25 -0700,,684dad9a3a,County Correctional Center,952,Pre-trial
1226240388749,151409186-0,2015-03-05 08:00:05 -0800,,882207698d,County Correctional Center,954,Sentenced
8377012245173,059470813-3,2015-12-03 14:40:57 -0800,,7b20b4dc74,County Correctional Center,959,Pre-trial
4132662931777,766507973-3,2016-06-28 15:41:15 -0700,,39671480ed,County Correctional Center,966,Pre-trial
5945793795854,050242065-0,2015-06-19 08:06:01 -0700,,be3b3e8926,County Correctional Center,976,Pre-trial
317498511018,966362141-9,2016-02-15 01:50:14 -0800,,b727bd9dc0,County Correctional Center,976,Pre-trial
4517526155436,427538492-X,2015-04-14 22:22:56 -0700,,eedab0d966,County Correctional Center,981,Pre-trial
7220547567726,752051640-7,2015-10-11 06:43:45 -0700,,cc0d43d055,County Correctional Center,982,Pre-trial
6569084423579,635208495-8,2015-05-31 20:56:52 -0700,,527d44d226,Main Jail Complex,995,Sentenced
9286990208492,428119322-7,2015-07-26 23:45:30 -0700,,1ed94e8342,Main Jail Complex,1048,Sentenced
2602631991276,728744228-0,2015-12-20 15:53:21 -0800,,938c7bb96d,Main Jail Complex,1369,Sentenced
2099959314274,260053383-4,2016-11-08 15:26:40 -0800,,b033b23863,Main Jail Complex,1467,Sentenced
9602465045803,207615378-0,2016-06-26 00:04:08 -0700,,175eb63c02,Main Jail Complex,1529,Sentenced
8516615062774,737656836-0,2016-06-16 23:17:13 -0700,,3dab482488,Main Jail Complex,1572,Pre-trial
1420821689106,071646599-X,2016-08-05 10:49:58 -0700,,36e1ad07bb,Main Jail Complex,1589,Sentenced
1580648038522,053692365-5,2015-11-27 18:24:45 -0800,,cee1749b66,Main Jail Complex,1758,Pre-trial
2703706674800,600593552-6,2016-06-04 09:15:45 -0700,,2.1013653E+11,Main Jail Complex,1864,Sentenced
9128236189243,814588599-X,2015-01-28 23:15:31 -0800,,e16e74e865,Main Jail Complex,1869,Pre-trial
5083071714545,817531232-7,2015-11-02 02:42:10 -0800,,6b2c984c83,Main Jail Complex,1880,Sentenced
4198812427941,693908787-7,2016-10-19 20:54:38 -0700,,221d13c163,Main Jail Complex,1894,Pre-trial
8554044986728,209849375-4,2015-04-28 12:34:08 -0700,,105d2b6700,Main Jail Complex,1981,Sentenced
5208814413251,154516135-6,2015-11-20 08:40:06 -0800,,b06e0baad0,Main Jail Complex,2001,Pre-trial
5386318365891,695504542-3,2015-07-25 06:56:43 -0700,,1c8dda24cc,Main Jail Complex,2035,Sentenced
3204923069466,151409186-0,2016-02-08 18:09:42 -0800,,b3205e873e,Main Jail Complex,2090,Pre-trial
4390461585427,956491773-5,2016-05-15 17:30:48 -0700,,d18e83db24,Main Jail Complex,2138,Pre-trial
262147134011,299205757-6,2016-12-01 18:16:24 -0800,,655c8a99d2,Main Jail Complex,2241,Sentenced
8100675275108,062096577-0,2015-04-30 20:51:00 -0700,,82ad65d44e,Main Jail Complex,2276,Pre-trial
1882011471814,376871166-8,2015-11-20 15:35:39 -0800,,889c21284d,Main Jail Complex,2379,Sentenced
8761056433519,669817985-X,2016-06-17 02:51:22 -0700,,1b0b73ee1e,Main Jail Complex,2588,Pre-trial
1203022654346,232733093-9,2016-03-31 22:49:00 -0700,,826e526bd4,Main Jail Complex,2597,Pre-trial
7764799415522,430698954-2,2016-09-18 13:25:06 -0700,,a0bc1ec751,Main Jail Complex,2650,Pre-trial
9483501828105,979886512-X,2015-03-19 06:37:31 -0700,,149e0843b1,Main Jail Complex,2692,Pre-trial
4024816690459,204772285-3,2016-08-24 09:19:01 -0700,,54d4ca0b4b,Main Jail Complex,2706,Pre-trial
8631962053579,084593695-6,2016-07-11 14:04:55 -0700,,a011eb0214,Main Jail Complex,2713,Pre-trial
3637052685182,450511915-7,2016-09-13 19:39:33 -0700,,28b9e83e8d,Main Jail Complex,2732,Sentenced
9328963636502,370705055-6,2015-03-17 06:27:17 -0700,,257727c98d,Main Jail Complex,2752,Pre-trial
380024183003,127297678-5,2015-05-12 17:46:12 -0700,,0ecceabdb4,Main Jail Complex,2776,Sentenced
7047586510557,687547178-7,2016-01-05 10:45:31 -0800,,c9624e769e,Main Jail Complex,2778,Pre-trial
3277457414934,060140465-3,2015-06-07 00:40:48 -0700,,7a1c6b4a10,Main Jail Complex,2815,Pre-trial
1661973216592,974623579-6,2015-05-17 00:05:54 -0700,,10c2612459,Main Jail Complex,2836,Sentenced
4130644533063,679071520-7,2015-10-11 00:18:16 -0700,,73d2d466c7,Main Jail Complex,2856,Pre-trial
6360238194020,104086027-3,2016-01-28 04:52:31 -0800,,2c221b8188,Main Jail Complex,2963,Sentenced
4567769298209,019554734-9,2015-10-20 22:21:49 -0700,,2169ed3eb9,Main Jail Complex,2967,Sentenced
8584799771256,208094565-3,2016-03-28 03:55:18 -0700,,be98a3e2ce,Main Jail Complex,3063,Pre-trial
6247271795387,910342763-3,2015-06-11 14:36:27 -0700,,3eedd8de5e,Main Jail Complex,3100,Pre-trial
4340636717344,142414518-X,2015-05-02 10:17:38 -0700,,474e461bab,Main Jail Complex,3184,Pre-trial
6187817359355,513229888-5,2015-05-18 12:09:47 -0700,,8a562d08e7,Main Jail Complex,3402,Pre-trial
9086201268341,887494455-1,2016-09-01 15:40:35 -0700,,d0235ed8a4,Main Jail Complex,3507,Sentenced
9941577092962,760181408-4,2015-11-26 03:16:18 -0800,,ee0cdb6480,Main Jail Complex,3638,Pre-trial
4824625969070,409330412-2,2015-06-12 17:13:35 -0700,,b81bbd3c22,Main Jail Complex,3706,Sentenced
4932273730949,478137414-X,2016-11-27 13:22:38 -0800,,1989c0837d,Main Jail Complex,3738,Pre-trial
5904826127895,359025657-5,2015-01-07 01:12:31 -0800,,9c0b305b31,Main Jail Complex,3815,Pre-trial
5011818583710,609151894-1,2015-01-17 08:35:20 -0800,,1026aa92c8,Main Jail Complex,3953,Pre-trial
7377143077460,752051640-7,2016-06-06 16:13:38 -0700,,7ebbacb9a8,Main Jail Complex,4134,Sentenced
7768082250067,879646918-8,2016-07-20 22:23:28 -0700,,ab9d60aeaa,Main Jail Complex,4140,Sentenced
1238135216778,548040130-0,2016-08-25 18:23:58 -0700,,3d5ceb2017,Main Jail Complex,4188,Pre-trial
6369801024764,956491773-5,2015-01-16 20:17:17 -0800,,831270929a,Main Jail Complex,4201,Pre-trial
9475660651007,374577474-4,2015-12-29 02:44:24 -0800,,1150b4dc2c,Main Jail Complex,4204,Sentenced
3562804004266,554178336-4,2016-09-22 21:22:32 -0700,,0960e87ace,Main Jail Complex,4246,Sentenced
5788051857020,633503602-9,2016-08-24 04:02:29 -0700,,798ea164a0,Main Jail Complex,4392,Sentenced
802855009265,175527090-9,2015-03-25 01:48:42 -0700,,c70a1b2de2,Main Jail Complex,4400,Pre-trial
613973146073,814604460-3,2016-08-03 02:46:06 -0700,,4be8475b78,Main Jail Complex,4424,Pre-trial
4686672134609,283841119-5,2016-10-12 02:43:32 -0700,,c726793408,Main Jail Complex,4425,Pre-trial
6396356056322,554107426-6,2015-04-01 21:58:52 -0700,,ce1d4b6e6e,Main Jail Complex,4449,Pre-trial
9062759548616,838433915-5,2016-02-11 07:21:30 -0800,,3d81948149,Main Jail Complex,4852,Pre-trial
8688454911596,639911749-6,2016-03-27 10:30:20 -0700,,d6eb030153,Main Jail Complex,4867,Pre-trial
2403632840125,107357256-0,2015-01-18 07:07:33 -0800,,c2154e7d64,Main Jail Complex,4883,Pre-trial
8821437474729,194872933-4,2015-10-18 10:02:52 -0700,,eec23c317a,Main Jail Complex,5013,Sentenced
8490133332710,486931609-9,2016-08-12 16:41:39 -0700,,84a3b867d4,Main Jail Complex,5014,Pre-trial
2631927770868,633503602-9,2015-04-08 08:15:03 -0700,,34a08e10d8,Main Jail Complex,5149,Pre-trial
1163842726466,915772481-4,2014-12-10 06:43:57 -0800,,17823dea85,Main Jail Complex,5154,Pre-trial
8058356227222,699275651-6,2016-10-06 11:43:47 -0700,,7a324dceb6,Main Jail Complex,5276,Sentenced
2572578102946,507045816-7,2016-06-13 05:31:31 -0700,,3a97c8840a,Main Jail Complex,5311,Sentenced
3528472721164,788767989-3,2016-01-30 15:48:29 -0800,,98544ded25,Main Jail Complex,5459,Sentenced
6652516258815,823530624-7,2015-01-17 02:45:31 -0800,,99c853b553,Main Jail Complex,5472,Sentenced
844264866145,054437882-2,2015-11-03 12:18:36 -0800,,2eb5429283,Main Jail Complex,5489,Pre-trial
9917581860040,881307119-1,2015-04-24 23:59:28 -0700,,1295c13a9a,Main Jail Complex,5498,Sentenced
4069385001190,814588599-X,2016-06-23 18:08:13 -0700,,4b4ca9be73,Main Jail Complex,5522,Pre-trial
2879167422349,353863627-3,2016-05-22 07:43:41 -0700,,9b928687a8,Main Jail Complex,5525,Sentenced
7069936328940,626789247-6,2016-05-20 03:14:48 -0700,,24d496859b,Main Jail Complex,5560,Pre-trial
8363443929980,378286566-9,2015-03-16 13:09:37 -0700,,b060563609,Main Jail Complex,5597,Pre-trial
6351230505891,422137011-4,2016-08-01 10:06:26 -0700,,96e5219e25,Main Jail Complex,5635,Pre-trial
7659066875348,658154402-7,2016-09-03 16:25:14 -0700,,e5e2d656b0,Main Jail Complex,5647,Pre-trial
8399796829493,679071520-7,2016-07-24 20:14:07 -0700,,e4ec0a73ea,Main Jail Complex,5657,Pre-trial
2109723961440,494684520-8,2015-02-16 09:00:06 -0800,,3498e3976e,Main Jail Complex,5674,Pre-trial
8005819214565,966362141-9,2015-08-06 15:25:07 -0700,,4b4202318d,Main Jail Complex,5871,Pre-trial
613013074366,881761172-7,2016-10-07 02:52:42 -0700,,4783d87107,Main Jail Complex,5945,Pre-trial
9697183460809,018019009-1,2014-12-20 16:51:14 -0800,,3b9b79dada,Main Jail Complex,6101,Pre-trial
9964797770502,919259002-0,2016-08-22 08:50:39 -0700,,1871e11cd7,Main Jail Complex,6162,Pre-trial
2674359773373,901234910-9,2016-07-11 08:35:48 -0700,,232d6494ce,Main Jail Complex,6407,Pre-trial
877587081728,109224243-0,2015-08-19 09:42:11 -0700,,7b5d80bb44,Main Jail Complex,6433,Pre-trial
6617255211453,071646599-X,2015-12-14 07:11:17 -0800,,035b06c9d1,Main Jail Complex,6514,Sentenced
5351752047375,919094447-X,2014-12-16 11:22:55 -0800,,c2a1e3936d,Main Jail Complex,6685,Pre-trial
1986589874074,165956508-1,2016-09-06 17:59:16 -0700,,389e67ea56,Main Jail Complex,6761,Sentenced
8964539017446,726872327-X,2016-11-05 20:17:58 -0700,,3b5cd55374,Main Jail Complex,6770,Sentenced
6910895350545,247633224-0,2016-07-09 19:23:28 -0700,,1b1cb8d170,Main Jail Complex,6792,Pre-trial
3272636430255,052320897-9,2015-03-05 20:17:55 -0800,,06c90c5810,Main Jail Complex,6894,Sentenced
7692387952350,906637638-4,2016-02-27 00:16:48 -0800,,1962cc23ca,Main Jail Complex,6925,Sentenced
5421693823625,248832284-9,2015-06-19 16:55:32 -0700,,edde1ce950,Main Jail Complex,6948,Pre-trial
2163428582027,286992492-5,2015-09-25 00:41:30 -0700,,1dad0bae27,Main Jail Complex,7014,Pre-trial
8358551241772,138680749-4,2016-06-12 21:39:12 -0700,,7ad9440145,Main Jail Complex,7227,Sentenced
3087392559597,640618343-6,2015-02-04 08:01:45 -0800,,51433111b5,Main Jail Complex,7253,Pre-trial
9159296707832,622581702-6,2016-04-19 02:58:05 -0700,,16659c2497,Main Jail Complex,7350,Pre-trial
7322324186974,285905316-6,2016-05-04 22:16:13 -0700,,a4710b40d3,Main Jail Complex,7416,Pre-trial
5034606572185,248531414-4,2015-06-17 13:16:14 -0700,,5b07db75a8,Main Jail Complex,7480,Pre-trial
9812365759919,471335279-9,2015-01-04 02:55:35 -0800,,3ea07009b9,Main Jail Complex,7521,Pre-trial
683417225862,131337038-X,2014-12-15 20:53:25 -0800,,b63c9d35bc,Main Jail Complex,7576,Pre-trial
962333505044,076247672-9,2016-07-04 01:56:33 -0700,,aa26552336,Main Jail Complex,7578,Pre-trial
2966125847860,808857502-8,2015-08-13 05:45:58 -0700,,beca0a26eb,Main Jail Complex,7663,Pre-trial
2087963025040,018809970-0,2015-02-04 12:57:02 -0800,,618a4de290,Main Jail Complex,7777,Pre-trial
5538406233432,301119148-4,2015-04-07 05:29:33 -0700,,0b145da597,Main Jail Complex,7793,Pre-trial
7499759274764,915216516-7,2015-06-30 20:36:53 -0700,,d051719b63,Main Jail Complex,7842,Pre-trial
3347777939780,787763023-9,2015-02-05 13:06:13 -0800,,9c28b5dacb,Main Jail Complex,7911,Pre-trial
2301769944382,172352356-9,2015-03-29 05:03:53 -0700,,6d40d29e8b,Main Jail Complex,7924,Pre-trial
5880910770294,684457125-9,2016-09-11 09:28:43 -0700,,2b5b8be9dc,Main Jail Complex,7975,Pre-trial
7296901035149,693487065-4,2016-02-21 01:19:24 -0800,,a22a65e831,Main Jail Complex,8031,Pre-trial
8574088241720,299746464-1,2015-08-05 10:24:29 -0700,,9c9ca8a3ac,Main Jail Complex,8081,Sentenced
150737323382,296476655-X,2016-01-09 19:32:57 -0800,,0e191dbe19,Main Jail Complex,8106,Sentenced
8490084380242,644856576-0,2015-07-17 10:13:29 -0700,,5cb26b24c8,Main Jail Complex,8119,Pre-trial
8803130471724,073234927-3,2016-08-21 00:10:58 -0700,,7061c73888,Main Jail Complex,8347,Sentenced
3963928950666,415120920-4,2016-10-23 00:21:02 -0700,,cbc662db91,Main Jail Complex,8438,Pre-trial
5668116858974,752925940-7,2015-11-22 22:47:05 -0800,,47418a3430,Main Jail Complex,8488,Sentenced
7915749555076,612806765-4,2015-08-27 18:19:16 -0700,,0711d5abcc,Main Jail Complex,8511,Pre-trial
1794350489743,479930489-5,2016-04-02 09:56:43 -0700,,8766ce9582,Main Jail Complex,8584,Sentenced
8686742906392,910324146-7,2015-09-08 08:54:32 -0700,,661ac77828,Main Jail Complex,8716,Pre-trial
6156565851640,478137414-X,2015-06-05 21:40:33 -0700,,078e619855,Main Jail Complex,8806,Sentenced
5185134814589,382854450-9,2016-01-10 22:22:18 -0800,,778383c3eb,Main Jail Complex,8816,Sentenced
5339804209087,046718905-6,2016-03-22 17:58:26 -0700,,4776879656,Main Jail Complex,8850,Pre-trial
8432408785166,180760965-0,2015-05-29 07:12:18 -0700,,8a86a61090,Main Jail Complex,8959,Pre-trial
9739747847227,687547178-7,2016-02-10 05:38:59 -0800,,65a2865db2,Main Jail Complex,9057,Sentenced
9337424800628,161656925-5,2016-03-04 18:02:55 -0800,,c334396381,Main Jail Complex,9117,Sentenced
7732854742128,160618505-5,2015-08-23 07:08:48 -0700,,728dc52ab1,Main Jail Complex,9168,Pre-trial
1783151935856,063790836-8,2015-11-19 05:53:21 -0800,,e3c45c5a82,Main Jail Complex,9363,Sentenced
2646073182991,573760507-8,2015-06-26 23:59:52 -0700,,5806ac0c02,Main Jail Complex,9441,Pre-trial
3143178678279,828084352-3,2016-09-10 22:54:01 -0700,,4bc2d5a7b4,Main Jail Complex,9539,Pre-trial
881886069448,332306958-7,2016-06-03 06:26:02 -0700,,3eae0ddbbe,Main Jail Complex,9569,Pre-trial
3568152369996,072901206-9,2015-08-24 08:03:10 -0700,,22152e8438,Main Jail Complex,9687,Pre-trial
7798375581561,906637638-4,2015-01-17 23:24:28 -0800,,e4c634e512,Main Jail Complex,9772,Pre-trial
408701687696,186606166-6,2015-05-30 17:20:08 -0700,,d489cd427d,Main Jail Complex,9782,Pre-trial
8776309188207,889835811-3,2016-04-23 15:01:48 -0700,,46985e3aa9,Main Jail Complex,9843,Pre-trial
8270216098876,692389994-X,2015-10-16 02:45:57 -0700,,b9ad26e108,Main Jail Complex,9934,Pre-trial
6098591619378,251837600-3,2016-02-02 03:49:31 -0800,,4a56424299,Main Jail Complex,9970,Sentenced
4029450027159,299746464-1,2015-10-27 02:13:50 -0700,,737b56ebbd,Main Jail Complex,10816,Pre-trial
3740283077531,246988488-8,2015-02-04 01:31:00 -0800,,01de118735,Main Jail Complex,12773,Pre-trial
2272112844478,726872327-X,2016-03-19 18:28:56 -0700,,48d9c91acb,Main Jail Complex,13617,Sentenced
8139571746368,332515852-8,2016-09-20 00:12:08 -0700,,0ec56c8325,Main Jail Complex,13794,Sentenced
1942174349655,693908787-7,2015-02-27 17:43:37 -0800,,c65c62b8da,Main Jail Complex,13820,Pre-trial
2419755838451,748597288-X,2016-02-03 08:03:29 -0800,,45475339b4,Main Jail Complex,13844,Pre-trial
2251075507705,138680749-4,2015-01-23 22:43:07 -0800,,c20a4674d1,Main Jail Complex,13852,Pre-trial
3433126364935,490091286-7,2015-03-13 07:14:52 -0700,,9697715d96,Main Jail Complex,15214,Pre-trial
8769292060353,717808450-2,2016-07-12 18:28:00 -0700,,8014337b91,Main Jail Complex,15795,Pre-trial
9383662331158,677440158-9,2015-08-09 15:31:00 -0700,,9836db30cb,Main Jail Complex,16191,Sentenced
1541181853898,283482074-0,2016-04-12 21:56:16 -0700,,839078693b,Main Jail Complex,16517,Pre-trial
1901394886289,289128794-0,2015-04-05 22:28:55 -0700,,1b0c667813,Main Jail Complex,17209,Sentenced
4521273030304,707833810-3,2015-09-25 08:10:40 -0700,,b47872e406,Main Jail Complex,17597,Pre-trial
904910159325,782844531-8,2015-04-29 06:01:10 -0700,,b917b80791,Main Jail Complex,17733,Pre-trial
4009714863112,071646599-X,2016-07-09 01:44:50 -0700,,189a591562,Main Jail Complex,18921,Sentenced
7690858111114,205791972-2,2016-01-20 02:58:52 -0800,,a6e6519e92,Main Jail Complex,19867,Pre-trial
4070698403786,656361561-9,2015-03-03 02:03:48 -0800,,64a89c94c4,Main Jail Complex,22161,Pre-trial
8063773407898,951322964-5,2016-10-19 00:49:23 -0700,,a5363c2782,Main Jail Complex,23345,Pre-trial
9974368567004,687547178-7,2015-09-19 03:16:32 -0700,,52d09e81bd,Main Jail Complex,24179,Pre-trial
4246056218969,510501745-5,2015-05-17 22:43:50 -0700,,2b933ab757,Main Jail Complex,24641,Pre-trial
6802891259154,256798130-6,2015-10-12 02:44:32 -0700,,1e64d9db7d,Main Jail Complex,24642,Pre-trial
2026374227698,823530624-7,2015-06-18 22:54:38 -0700,,9562b04b75,Main Jail Complex,25907,Pre-trial
1429553681518,919259002-0,2016-07-29 16:22:05 -0700,,19a2367403,Main Jail Complex,25967,Pre-trial
3606287349640,648597045-2,2015-01-15 00:30:01 -0800,,359c2d26be,Main Jail Complex,29059,Pre-trial
1804595835462,783720194-9,2016-10-10 18:53:38 -0700,,d649301126,Main Jail Complex,32174,Pre-trial
2970452859373,944008694-7,2015-07-12 16:17:15 -0700,,2563b0deaa,Main Jail Complex,32678,Pre-trial
3537510030557,774139143-7,2015-08-17 03:18:48 -0700,,bb99305c45,Main Jail Complex,34356,Sentenced
4798914149781,646542214-X,2014-12-12 19:03:40 -0800,,5d94300c8c,Main Jail Complex,34961,Pre-trial
9469113800579,908828540-3,2016-07-04 06:17:37 -0700,,4658b3159e,Main Jail Complex,35554,Pre-trial
6128945583557,845119652-7,2016-03-31 08:56:37 -0700,,7c63b63776,Main Jail Complex,35834,Sentenced
1093201556253,329495680-0,2015-01-13 17:51:36 -0800,,7d4a707767,Main Jail Complex,36302,Sentenced
5860096499066,189400472-8,2016-08-16 09:14:27 -0700,,630d4d2dc6,Main Jail Complex,38820,Sentenced
9217410726128,428778922-9,2016-11-14 16:20:31 -0800,,a42addea57,Main Jail Complex,39591,Pre-trial
923356638294,344416222-7,2015-07-07 08:14:44 -0700,,1d9b7cd3e9,Main Jail Complex,39892,Pre-trial
8958209428526,103605665-1,2014-12-28 23:41:43 -0800,,176e6586d8,Main Jail Complex,40072,Sentenced
259910725491,982104684-3,2015-11-11 06:08:58 -0800,,ab4a3b6a2e,Main Jail Complex,40277,Pre-trial
2683236469933,029031025-3,2015-04-08 22:29:03 -0700,,77b1d5ec01,Main Jail Complex,40966,Pre-trial
5675194674082,384003872-3,2015-08-14 22:01:25 -0700,,a849312e39,Main Jail Complex,41425,Pre-trial
8073929477859,564824699-4,2014-12-25 07:47:36 -0800,,a714e9835c,Main Jail Complex,41862,Pre-trial
9673915666930,002838610-8,2015-12-19 15:41:03 -0800,,29d001da0e,Main Jail Complex,44865,Sentenced
7581766447702,268394008-4,2016-02-02 06:03:11 -0800,,078cbdeeb9,Main Jail Complex,44911,Sentenced
5221580202713,387225350-6,2016-05-24 15:37:32 -0700,,1cc8588c9a,Main Jail Complex,45252,Pre-trial
9473789663277,680441237-0,2015-12-24 22:14:53 -0800,,a8abea85e7,Main Jail Complex,46243,Pre-trial
9249844850384,623198717-5,2016-08-03 13:18:59 -0700,,769dd136dd,Main Jail Complex,46342,Pre-trial
4751421868682,764487723-1,2016-09-22 15:57:43 -0700,,d57819c4ac,Main Jail Complex,47149,Pre-trial
3640558057940,045542543-4,2016-04-14 04:07:47 -0700,,e9b09188d8,Main Jail Complex,47243,Pre-trial
8957706506447,814588599-X,2016-05-12 19:35:11 -0700,,dd21b65537,Main Jail Complex,47660,Sentenced
6146327998843,917667234-4,2016-07-07 00:08:32 -0700,,99ba29a514,Main Jail Complex,49355,Pre-trial
1965509813775,799789906-5,2014-12-21 12:17:31 -0800,,a244a93846,Main Jail Complex,50501,Sentenced
8687482151547,001876614-5,2014-12-24 09:35:52 -0800,,d981b6d635,Main Jail Complex,51481,Pre-trial
9107408375363,034098834-7,2016-05-09 10:26:52 -0700,,c1b9e57b29,Main Jail Complex,52919,Pre-trial
2938521385529,381915333-0,2016-07-03 00:36:17 -0700,,cbdb238075,Main Jail Complex,53243,Pre-trial
3333430022838,009576159-4,2015-01-17 23:04:23 -0800,,baa22005d2,Main Jail Complex,53390,Pre-trial
7959081053555,114970207-9,2016-11-20 05:53:30 -0800,,d867ed6d07,Main Jail Complex,54294,Sentenced
363881631603,949165802-6,2015-02-10 14:49:06 -0800,,84a685075a,Main Jail Complex,55598,Sentenced
4243538859450,055067521-3,2016-01-20 11:12:10 -0800,,267802cea4,Main Jail Complex,55820,Pre-trial
321185826330,979886512-X,2016-10-21 02:08:39 -0700,,bea2caa776,Main Jail Complex,56228,Pre-trial
8441581494000,601264832-4,2016-10-23 01:51:56 -0700,,96650e505d,Main Jail Complex,57514,Pre-trial
1674144039333,626186335-0,2015-07-21 12:22:47 -0700,,ae05414d74,Main Jail Complex,57987,Pre-trial
7107223321233,139289335-6,2015-04-29 22:47:00 -0700,,10504205c5,Main Jail Complex,58169,Pre-trial
1589967038039,538117328-8,2016-10-16 19:28:46 -0700,,b447b72614,Main Jail Complex,58447,Pre-trial
8955865115289,628477972-0,2015-12-24 15:26:55 -0800,,a21ee39ecb,Main Jail Complex,59968,Pre-trial
2055425079603,477687251-X,2015-04-13 12:16:13 -0700,,084ed29493,Main Jail Complex,61266,Sentenced
4189076656635,544810935-7,2016-08-28 02:55:55 -0700,,dd86cb297c,Main Jail Complex,61454,Sentenced
4345389540447,560300124-0,2016-02-26 19:51:33 -0800,,c7e7c190b7,Main Jail Complex,63140,Pre-trial
8029792885307,359581052-X,2016-02-27 15:37:02 -0800,,a9b44c5b98,Main Jail Complex,64544,Pre-trial
2803002553813,245312667-9,2016-08-25 15:41:57 -0700,,bb4a3b1816,Main Jail Complex,64750,Pre-trial
6857858486807,591672123-4,2015-12-13 20:36:48 -0800,,a3841e6bb9,Main Jail Complex,66490,Pre-trial
1776953427476,669851629-5,2016-04-02 18:19:13 -0700,,c0db669541,Main Jail Complex,67088,Pre-trial
5731076016330,679034924-3,2016-10-31 06:24:44 -0700,,c229184194,Main Jail Complex,67303,Sentenced
3080703848724,388987205-0,2016-02-07 04:59:12 -0800,,5dedabec63,Main Jail Complex,69021,Pre-trial
5390120327701,130416836-0,2016-08-08 20:55:42 -0700,,c3a254bb9a,Main Jail Complex,69132,Pre-trial
1852619584278,642844522-0,2016-06-02 19:25:02 -0700,,44eb7783dc,Main Jail Complex,69168,Pre-trial
2943927429722,916851330-5,2016-06-24 09:01:27 -0700,,6ce37cd319,Main Jail Complex,69907,Pre-trial
4516057920322,723304414-7,2016-05-21 07:33:49 -0700,,5601de2b44,Main Jail Complex,70041,Sentenced
2483085243070,036951282-0,2015-01-02 06:31:48 -0800,,915a505bd5,Main Jail Complex,70911,Sentenced
9400266755774,513229888-5,2015-08-18 09:42:45 -0700,,27ea384abb,Main Jail Complex,71118,Sentenced
6456341377525,906637638-4,2015-02-02 14:41:13 -0800,,3ba5786dbc,Main Jail Complex,73551,Pre-trial
6995478415774,498967477-4,2016-04-16 21:56:29 -0700,,dacb7c95e2,Main Jail Complex,74455,Pre-trial
3062261041878,944008694-7,2015-12-14 08:59:20 -0800,,ae824c8c52,Main Jail Complex,75291,Pre-trial
4109618617962,053692365-5,2014-12-09 15:31:56 -0800,,3ce7b1e666,Main Jail Complex,75848,Pre-trial
598213111779,391898827-9,2015-10-27 18:45:37 -0700,,717a6e7a31,Main Jail Complex,76556,Pre-trial
8437172592293,483758021-1,2016-03-09 15:21:55 -0800,,798cbe706a,Main Jail Complex,76945,Pre-trial
7887371769254,019554734-9,2015-11-09 14:32:07 -0800,,699aa547cd,Main Jail Complex,77564,Sentenced
1630950966164,814588599-X,2016-11-27 04:34:41 -0800,,b85e55125b,Main Jail Complex,78041,Pre-trial
1901315298139,109224243-0,2016-07-06 14:26:35 -0700,,2481303273,Main Jail Complex,78655,Pre-trial
3224263851514,507045816-7,2016-08-05 23:41:48 -0700,,97384e1cb7,Main Jail Complex,78754,Sentenced
334830565928,683671292-2,2015-09-17 08:38:31 -0700,,2876e47938,Main Jail Complex,79350,Pre-trial
4549390094887,821586650-6,2016-08-02 13:42:04 -0700,,ee9c24edbc,Main Jail Complex,79720,Sentenced
1658647772973,332515852-8,2015-05-07 01:45:16 -0700,,9029023659,Main Jail Complex,81533,Sentenced
6203483841632,125286590-2,2016-07-15 11:35:48 -0700,,cc12b4b75a,Main Jail Complex,82146,Pre-trial
3080405193818,202968257-8,2016-01-03 10:18:53 -0800,,ed8d4cc47e,Main Jail Complex,83405,Pre-trial
6779664677449,871667489-8,2016-01-31 02:57:28 -0800,,5e7621c860,Main Jail Complex,84572,Sentenced
672756242449,644856576-0,2015-05-01 04:44:09 -0700,,61a9614539,Main Jail Complex,84867,Sentenced
880926267097,906221334-0,2016-07-03 09:07:23 -0700,,223aca5a21,Main Jail Complex,84867,Sentenced
2720417830141,639083033-5,2016-09-16 02:42:13 -0700,,28b65b14db,Main Jail Complex,87756,Pre-trial
216604015030,821351848-9,2016-01-24 06:52:37 -0800,,780c2a601a,Main Jail Complex,87803,Pre-trial
1263784044755,251837600-3,2016-11-08 18:57:29 -0800,,33558a611d,Main Jail Complex,88298,Pre-trial
823737079169,797256689-5,2016-10-07 15:51:26 -0700,,c7496d1992,Main Jail Complex,88432,Pre-trial
2643043990440,573989740-8,2015-03-19 09:08:20 -0700,,5e9169b186,Main Jail Complex,89035,Sentenced
8792516248572,615631702-3,2016-06-27 13:24:14 -0700,,70943407a3,Main Jail Complex,89308,Sentenced
9462746048448,061994568-0,2015-03-10 21:46:17 -0700,,a41aa7e90d,Main Jail Complex,89993,Pre-trial
5348025053218,085415948-7,2016-01-29 20:45:54 -0800,,b5ba3b74d7,Main Jail Complex,90081,Sentenced
1567796573204,855603127-7,2015-05-28 19:30:53 -0700,,90a5d00327,Main Jail Complex,90888,Pre-trial
4668250631960,974623579-6,2015-05-21 04:16:56 -0700,,e6a67b57b3,Main Jail Complex,91629,Sentenced
3291567895988,348323465-9,2015-04-03 09:36:06 -0700,,68e9ada8d8,Main Jail Complex,91810,Pre-trial
1411006292051,496461735-1,2016-03-26 14:13:26 -0700,,11aae1821c,Main Jail Complex,92602,Pre-trial
6327263502824,070419356-6,2015-06-30 10:59:42 -0700,,d9b40ca918,Main Jail Complex,93823,Pre-trial
4986919292377,270939132-5,2015-01-30 23:19:18 -0800,,499439d79c,Main Jail Complex,94125,Sentenced
2403485291341,816831695-9,2016-03-07 15:58:16 -0800,,eaa87d0a11,Main Jail Complex,94141,Sentenced
5243809108125,310308081-6,2016-10-18 05:04:30 -0700,,a19bded277,Main Jail Complex,95098,Sentenced
9687709997919,125528629-6,2016-04-13 17:34:27 -0700,,aaa7e9ce36,Main Jail Complex,95151,Sentenced
6770779466171,334468397-7,2016-02-13 00:42:13 -0800,,e9eca1a8c5,Main Jail Complex,96532,Sentenced
2493235321343,728521425-6,2016-02-09 13:20:29 -0800,,b024704303,Main Jail Complex,97483,Sentenced
9848171321729,777633487-1,2015-05-20 17:10:21 -0700,,8eda018c48,Main Jail Complex,98232,Pre-trial
6574696706156,809369897-3,2015-05-27 01:02:31 -0700,,1233017a72,Main Jail Complex,98555,Sentenced
8402425512380,283863529-8,2016-01-17 19:05:24 -0800,,a5b1a58018,Main Jail Complex,99342,Sentenced
2742427552813,748597288-X,2016-08-11 19:56:30 -0700,,4d5392674e,Main Jail Complex,99430,Pre-trial
1358280380084,646542214-X,2016-06-20 06:26:36 -0700,,b4883b89ec,Main Jail Complex,99821,Pre-trial