8175658603,897685254-0,DRUGS,42215,FELONY,763012417-1
5013841102,534901187-1,DRUGS,42215,FELONY,394748501-8
7848783203,026389091-0,DRUGS,42215,FELONY,509197012-6
7293739709,220483714-8,DRUGS,42215,FELONY,515472979-X
4236785842,815159456-X,DRUGS,42215,FELONY,953707534-6
9963688400,465154382-0,DRUGS,42215,FELONY,435066766-0
7173991004,271176620-9,DRUGS,42215,FELONY,320091158-1
5324780263,833132522-2,DRUGS,42215,FELONY,149729512-2
2937465751,637221249-8,DRUGS,42215,FELONY,669123135-X
3948548632,958272826-4,DRUGS,42215,FELONY,183297030-2
3727070093,292174820-7,DRUGS,42215,FELONY,047944878-7
8222150131,093778998-4,DRUGS,42215,FELONY,123811854-2
2172912540,829236816-7,DRUGS,42215,FELONY,304239480-8
5755896687,354267387-0,DRUGS,42215,FELONY,630425252-8
5878380212,164933355-2,DRUGS,42215,FELONY,447615608-8
9487269955,216948401-9,DRUGS,42215,FELONY,341959440-2
8487766328,853332787-0,DRUGS,42215,FELONY,475926268-7
8209958746,637366158-X,DRUGS,42215,MISDEMEANOR,594752127-X
5795005381,687753299-6,DRUGS,42215,MISDEMEANOR,211702973-6
2608777486,866228963-0,DRUGS,42215,MISDEMEANOR,941854868-2
2106000681,558028591-4,DRUGS,42215,MISDEMEANOR,399243198-3
8596956972,936014636-6,DRUGS,42215,MISDEMEANOR,440173172-7
1814672540,913114745-3,DRUGS,42215,MISDEMEANOR,987522699-8
6852204133,256557505-X,DRUGS,42215,MISDEMEANOR,649534239-X
3954623425,659500597-2,DRUGS,42215,MISDEMEANOR,879030162-5
6135107111,735472482-3,DRUGS,42215,MISDEMEANOR,342934443-3
8043592217,111577682-7,DRUGS,42215,MISDEMEANOR,667913156-1
8156373825,127622952-6,DRUGS,42215,MISDEMEANOR,132580952-7
9781863782,141121726-8,DRUGS,42215,MISDEMEANOR,429885219-9
3943493718,573590140-0,DRUGS,42215,MISDEMEANOR,677627938-1
4186102427,269724605-3,DRUGS,42215,MISDEMEANOR,599804992-6
9731305528,455580362-0,DRUGS,42215,MISDEMEANOR,911334879-5
1669184683,873114834-4,DRUGS,42215,VIOLATION,741159769-4
4328800834,139863580-4,DRUGS,42215,VIOLATION,597460566-7
7544791490,425561588-8,DRUGS,42215,VIOLATION,340877834-5
3867677617,113287656-7,DRUGS,42215,VIOLATION,240713279-3
3138933020,989912806-6,DRUGS,42215,VIOLATION,446762550-X
6992595332,817740094-0,DRUGS,42215,VIOLATION,771933268-7
3486646271,446381962-8,DRUGS,42215,VIOLATION,392658084-4
1315000179,073113057-X,DRUGS,42215,VIOLATION,987319022-8
7818418697,935350341-8,DRUGS,42215,VIOLATION,479476737-4
8409522563,573574073-3,DRUGS,42215,VIOLATION,062599651-8
5704325229,521959648-9,DRUGS,42215,VIOLATION,867618811-4
3675731179,059986116-9,DRUGS,42215,VIOLATION,108697957-5
9988999115,421830473-4,DRUGS,42215,VIOLATION,852369715-2
5789086024,752732051-6,DRUGS,42215,VIOLATION,649355143-9
4443293571,475669431-4,DRUGS,42215,VIOLATION,153188961-1
9403849942,625645899-0,DRUGS,42215,VIOLATION,584895879-3
4361260206,536877405-2,DRUGS,42215,ORDINANCE,257945752-6
6023430276,478534500-4,DRUGS,42215,ORDINANCE,790100501-7
6831925704,475661188-5,DRUGS,42215,ORDINANCE,456060003-1
1428775083,523172043-7,DRUGS,42215,ORDINANCE,264107927-5
6312322975,981070608-1,DRUGS,42215,ORDINANCE,359628773-1
3367952811,390126215-6,DRUGS,42215,ORDINANCE,842131514-5
8522300501,238259360-1,DRUGS,42215,ORDINANCE,864875033-4
1781138165,845775068-2,DRUGS,42215,ORDINANCE,023814148-9
2036758207,328581598-1,THEFT,23301,FELONY,320759809-9
7354428651,934838016-8,THEFT,23301,FELONY,516355956-7
9865865987,920379229-5,THEFT,23301,FELONY,619257892-3
6943058773,745087368-0,THEFT,23301,FELONY,274071677-X
6452552775,640014198-7,THEFT,23301,FELONY,225337928-X
2381742583,518304654-9,THEFT,23301,FELONY,492222036-4
2197980354,844000263-7,THEFT,23301,FELONY,778925577-0
5290767617,765511010-7,THEFT,23301,FELONY,830833016-9
6940591097,050370434-2,THEFT,23301,FELONY,281957291-X
5584799943,913787639-2,THEFT,23301,FELONY,173649161-X
4656162471,007966725-2,THEFT,23301,FELONY,110793700-0
6260318620,575479174-7,THEFT,23301,FELONY,337684901-3
9539099622,261236591-5,THEFT,23301,FELONY,672244350-7
2043259577,938166923-6,THEFT,23301,FELONY,039679906-X
8811594391,947013969-0,THEFT,23301,FELONY,544416068-4
3115013606,654873031-3,THEFT,23301,FELONY,329430602-4
6749978799,131043055-1,THEFT,23301,FELONY,330351591-3
1140848746,826008054-0,THEFT,23301,MISDEMEANOR,836196131-3
6129679279,104551480-2,THEFT,23301,MISDEMEANOR,532054503-7
4143924743,935324323-8,THEFT,23301,MISDEMEANOR,713938610-2
9534917340,573186751-8,THEFT,23301,MISDEMEANOR,891925379-X
2794515336,578424736-0,THEFT,23301,MISDEMEANOR,922194295-3
1227500222,835581149-6,THEFT,23301,MISDEMEANOR,534621383-X
7086614579,318121408-6,THEFT,23301,MISDEMEANOR,767543188-X
8993430798,882179824-0,THEFT,23301,MISDEMEANOR,096464079-1
9814133015,678105498-8,THEFT,23301,MISDEMEANOR,853237177-9
4967473006,358528830-8,THEFT,23301,MISDEMEANOR,705031827-2
1576111099,795884639-8,THEFT,23301,MISDEMEANOR,823901998-6
2083342743,240108573-4,THEFT,23301,MISDEMEANOR,934689480-6
5156001990,778792759-3,THEFT,23301,MISDEMEANOR,638114651-6
8820758902,935512841-X,THEFT,23301,MISDEMEANOR,599166524-9
4414902017,942970429-X,THEFT,23301,MISDEMEANOR,817748172-X
6644855989,129399246-1,THEFT,23301,MISDEMEANOR,524314134-8
3089861999,371831459-2,THEFT,23301,MISDEMEANOR,548818756-1
2583307304,493005493-1,THEFT,23301,MISDEMEANOR,758823258-7
7162856779,528791093-2,THEFT,23301,MISDEMEANOR,200111281-5
4266269581,396510742-9,THEFT,23301,MISDEMEANOR,244829145-4
8770128530,889505397-4,THEFT,23301,MISDEMEANOR,373964894-5
9291961652,994324793-2,THEFT,23301,MISDEMEANOR,799378958-3
4075480789,238365908-8,THEFT,23301,VIOLATION,461967277-7
5857207551,477689770-9,THEFT,23301,VIOLATION,209258302-6
3418486285,282605931-9,THEFT,23301,VIOLATION,077834972-1
5394164575,196872420-6,THEFT,23301,VIOLATION,535577026-6
3605221587,210996474-X,THEFT,23301,VIOLATION,634345120-X
7111708252,200133748-5,THEFT,23301,VIOLATION,236950153-7
5871451441,472641075-X,THEFT,23301,VIOLATION,025125196-9
9365696091,756604189-4,THEFT,23301,ORDINANCE,091182384-0
2645014651,007746679-9,THEFT,23301,ORDINANCE,317158052-7
7384424201,024946398-9,THEFT,23301,ORDINANCE,067029503-5
8536534542,802478095-X,THEFT,23301,ORDINANCE,846547449-4
6183211711,341069296-7,THEFT,23301,ORDINANCE,747330548-4
9434794354,872767085-6,THEFT,23301,ORDINANCE,108805978-3
3693324807,232448362-9,THEFT,23301,ORDINANCE,422046954-0
8402014255,031510243-8,DUI,2620,FELONY,675619048-2
9974621283,817868387-3,DUI,2620,FELONY,739883818-2
2965023358,289114470-8,DUI,2620,FELONY,839738760-9
2419176061,163366943-2,DUI,2620,FELONY,037814201-1
6590372539,691887865-4,DUI,2620,FELONY,543973996-3
7741156883,991016272-5,DUI,2620,FELONY,966258101-4
1781135481,515514436-1,DUI,2620,FELONY,763363537-1
3995218479,268269870-0,DUI,2620,FELONY,915572184-2
5220781101,074852757-5,DUI,2620,FELONY,537835093-X
2718889605,054327142-0,DUI,2620,FELONY,353158433-2
5201347506,847418320-0,DUI,2620,FELONY,945359368-0
9267765267,446461752-2,DUI,2620,FELONY,466671274-7
3726856813,119657471-5,DUI,2620,FELONY,353310999-2
2172718027,594162198-1,DUI,2620,FELONY,109882399-0
7926756091,459729779-0,DUI,2620,FELONY,634804759-8
5073487799,394091245-X,DUI,2620,MISDEMEANOR,051251029-6
1682664868,516717170-9,DUI,2620,MISDEMEANOR,782944483-8
8817729619,941132146-1,DUI,2620,MISDEMEANOR,645461219-8
6279973936,060973143-2,DUI,2620,MISDEMEANOR,807836648-5
4921444018,018856580-9,DUI,2620,MISDEMEANOR,685199129-2
9748182652,705596218-8,DUI,2620,MISDEMEANOR,968622361-4
3788016347,706305371-X,DUI,2620,MISDEMEANOR,271696760-1
8115230623,554424867-2,DUI,2620,MISDEMEANOR,816135212-7
5666254379,878636225-9,DUI,2620,MISDEMEANOR,535942190-8
8366807252,297897061-8,DUI,2620,MISDEMEANOR,819015743-4
9083984890,860597415-X,DUI,2620,MISDEMEANOR,531486198-4
6257539997,029450588-1,DUI,2620,MISDEMEANOR,468340118-5
3260084336,833906746-X,DUI,2620,MISDEMEANOR,127282673-2
5536393179,790985737-3,DUI,2620,MISDEMEANOR,017164280-5
6073682856,704484917-2,DUI,2620,MISDEMEANOR,032436642-6
9235431142,770061563-2,DUI,2620,MISDEMEANOR,027663995-2
5951883126,801906062-6,DUI,2620,MISDEMEANOR,919601516-0
2739483132,654327803-X,DUI,2620,MISDEMEANOR,677753221-8
3837238419,891779880-2,DUI,2620,MISDEMEANOR,339490436-5
7973233437,093426501-1,DUI,2620,MISDEMEANOR,700819837-X
1510794800,039727752-0,DUI,2620,MISDEMEANOR,833304659-2
9380847362,872736008-3,DUI,2620,MISDEMEANOR,658528954-4
5738830027,736568130-6,DUI,2620,MISDEMEANOR,039993771-4
4502419340,266953687-5,DUI,2620,MISDEMEANOR,742741994-4
6514001808,455196875-7,DUI,2620,MISDEMEANOR,605170607-0
2748175715,411846844-1,DUI,2620,MISDEMEANOR,531442034-1
8711625357,487993241-8,DUI,2620,VIOLATION,572388029-2
7481364473,395639007-5,DUI,2620,VIOLATION,556086217-7
2598100969,501769185-5,DUI,2620,VIOLATION,729972000-0
1525680336,208624828-8,DUI,2620,VIOLATION,468946311-5
4000942983,053540091-8,DUI,2620,VIOLATION,189170981-X
3721664985,107662003-5,DUI,2620,VIOLATION,009640599-6
4631903722,600444802-8,DUI,2620,VIOLATION,146521236-1
5825935869,448668485-0,DUI,2620,VIOLATION,726610892-6
8778383362,286858767-4,DUI,2620,VIOLATION,953308695-5
6984488700,296568247-3,DUI,2620,ORDINANCE,173351681-6
1770327855,696573749-2,DUI,2620,ORDINANCE,199729975-5
7968586924,509701290-9,DUI,2620,ORDINANCE,023859597-8
8812974533,306125526-5,DUI,2620,ORDINANCE,887654046-6
6148394089,159604059-9,DUI,2620,ORDINANCE,146722523-1
4709443254,002260430-8,DUI,2620,ORDINANCE,685376209-6
7283566856,481345894-7,ASSAULT,13162,FELONY,093760253-1
7429480955,998301139-5,ASSAULT,13162,FELONY,294878971-0
3357235215,159744063-9,ASSAULT,13162,FELONY,765395229-1
2030528667,541435739-0,ASSAULT,13162,FELONY,872960384-6
7833607460,691509509-8,ASSAULT,13162,FELONY,012299828-6
1924641304,855885138-7,ASSAULT,13162,FELONY,340786647-X
1909800937,112304494-5,ASSAULT,13162,FELONY,778414991-3
5246711235,948148782-2,ASSAULT,13162,FELONY,689784311-3
5824398909,883969692-X,ASSAULT,13162,FELONY,209646228-2
3962688466,470606933-5,ASSAULT,13162,FELONY,862506414-0
5146908904,297394075-3,ASSAULT,13162,FELONY,875317799-1
3866112060,328484070-2,ASSAULT,13162,FELONY,766096029-6
6863171394,525741884-3,ASSAULT,13162,FELONY,964563722-8
3789495987,241896621-6,ASSAULT,13162,FELONY,224986704-6
1244832698,322575137-5,ASSAULT,13162,FELONY,741493880-8
8757918071,806807558-5,ASSAULT,13162,FELONY,951630817-1
8348930237,757730291-0,ASSAULT,13162,FELONY,118408288-X
3243349452,946895441-2,ASSAULT,13162,FELONY,979591171-6
7022790603,437592903-0,ASSAULT,13162,MISDEMEANOR,697764806-6
6710087407,614007896-2,ASSAULT,13162,MISDEMEANOR,163407368-1
1419015652,766629999-0,ASSAULT,13162,MISDEMEANOR,941102306-1
6533477274,939616923-4,ASSAULT,13162,MISDEMEANOR,889407363-7
8499060148,829037575-1,ASSAULT,13162,MISDEMEANOR,117077169-6
9661782012,349337272-8,ASSAULT,13162,MISDEMEANOR,296285447-8
3924233830,488599865-4,ASSAULT,13162,MISDEMEANOR,876867783-9
2391193707,323893849-5,ASSAULT,13162,MISDEMEANOR,258922717-5
1958396933,835406480-8,ASSAULT,13162,MISDEMEANOR,391581541-1
2857144903,876613398-X,ASSAULT,13162,MISDEMEANOR,086923108-1
8508774599,048725674-3,ASSAULT,13162,MISDEMEANOR,003602847-9
9980924102,056653491-6,ASSAULT,13162,MISDEMEANOR,559089869-2
1835196495,518822933-1,ASSAULT,13162,MISDEMEANOR,237317016-7
9888510426,653854975-6,ASSAULT,13162,MISDEMEANOR,883732948-2
3738135249,217723349-6,ASSAULT,13162,MISDEMEANOR,032560847-4
6714291335,616630923-6,ASSAULT,13162,MISDEMEANOR,366438821-6
2088686672,921103298-9,ASSAULT,13162,MISDEMEANOR,892719121-8
3566636786,996124148-7,ASSAULT,13162,MISDEMEANOR,088791199-4
6285424463,079614465-6,ASSAULT,13162,MISDEMEANOR,415036156-8
8459894508,076655572-0,ASSAULT,13162,MISDEMEANOR,738226892-6
8712399363,446602000-0,ASSAULT,13162,VIOLATION,097690113-7
4786688603,101387557-5,ASSAULT,13162,VIOLATION,780657656-8
1670016005,150877895-7,ASSAULT,13162,VIOLATION,568410300-6
8617375358,627737164-9,ASSAULT,13162,VIOLATION,664561649-X
4266995404,867133742-1,ASSAULT,13162,VIOLATION,554920871-7
5396021731,104123237-3,ASSAULT,13162,VIOLATION,609677610-8
1917432831,015158928-3,ASSAULT,13162,VIOLATION,067923685-6
7854916510,893972559-X,ASSAULT,13162,VIOLATION,057123238-8
2990910304,432946209-5,ASSAULT,13162,VIOLATION,305646711-X
9419023302,989272556-5,ASSAULT,13162,ORDINANCE,469129930-0
8716519790,730171472-6,ASSAULT,13162,ORDINANCE,241264370-9
9326742415,602570741-3,ASSAULT,13162,ORDINANCE,433607159-4
3169658273,139944615-0,ASSAULT,13162,ORDINANCE,399274210-5
5631649945,214546766-1,ASSAULT,13162,ORDINANCE,368585456-9
3771331401,462369875-0,ASSAULT,13162,ORDINANCE,130343504-7
2330009790,891988981-3,ASSAULT,13162,ORDINANCE,682682483-3
7560348137,178825707-3,ASSAULT,13162,ORDINANCE,260054097-0
3004919665,187203647-3,ASSAULT,13162,ORDINANCE,894517371-4
8662742115,772747091-0,ASSAULT,13162,FELONY,813652621-4
3580527179,034069111-5,ASSAULT,13162,FELONY,695196337-1
6314945307,502654204-2,ASSAULT,13162,FELONY,302104114-0
3580840033,493831639-0,ASSAULT,13162,FELONY,213817646-0
3296047500,256490492-0,ASSAULT,13162,FELONY,722283827-9
3996101391,938879788-4,ASSAULT,13162,FELONY,306958763-1
3793826012,940692201-0,ASSAULT,13162,FELONY,211793746-2
4373501523,353322653-0,ASSAULT,13162,FELONY,540447008-9
5176135479,845464443-1,ASSAULT,13162,FELONY,277940245-8
1459645928,853906618-1,ASSAULT,13162,FELONY,866472321-4
9574490456,060080800-9,ASSAULT,13162,FELONY,764368985-7
2506038786,728726297-5,ASSAULT,13162,FELONY,690449572-3
4582405077,232483882-6,ASSAULT,13162,FELONY,950172052-7
1542384666,551214267-4,ASSAULT,13162,FELONY,061021592-2
5541865169,284369040-4,ASSAULT,13162,FELONY,433096721-9
1329687507,383910291-X,ASSAULT,13162,FELONY,158151799-8
8340997746,245556192-5,ASSAULT,13162,FELONY,161904279-7
3002025954,107230144-X,ASSAULT,13162,FELONY,799394986-6
2106328689,340455782-4,ASSAULT,13162,FELONY,684465474-X
1530351958,639662875-9,ASSAULT,13162,MISDEMEANOR,182590963-6
6125165007,196010178-1,ASSAULT,13162,MISDEMEANOR,362492005-7
1477881344,398702446-1,ASSAULT,13162,MISDEMEANOR,071230650-1
4469090690,081116031-9,ASSAULT,13162,MISDEMEANOR,676908843-6
4837837550,960449598-4,ASSAULT,13162,MISDEMEANOR,609359211-1
2503515510,744793477-1,ASSAULT,13162,MISDEMEANOR,492155633-4
8759561714,265237881-3,ASSAULT,13162,MISDEMEANOR,954231599-6
3113898051,142692573-5,ASSAULT,13162,MISDEMEANOR,027551490-0
9782583469,702635620-8,ASSAULT,13162,MISDEMEANOR,924975359-4
9321178331,658257637-2,ASSAULT,13162,MISDEMEANOR,837187111-2
5987344497,965687170-7,ASSAULT,13162,MISDEMEANOR,441005994-7
5763816260,110025047-6,ASSAULT,13162,MISDEMEANOR,016495089-3
7019017926,905586457-9,ASSAULT,13162,MISDEMEANOR,632285908-0
9648446895,096064042-8,ASSAULT,13162,MISDEMEANOR,640855389-3
9254659034,407644777-8,ASSAULT,13162,MISDEMEANOR,113558021-9
3448370002,622882326-4,ASSAULT,13162,MISDEMEANOR,406103683-1
8778668629,891453328-X,ASSAULT,13162,MISDEMEANOR,850599436-1
8647989241,815864584-4,ASSAULT,13162,MISDEMEANOR,918183455-1
8855573600,556484060-7,ASSAULT,13162,MISDEMEANOR,600771725-9
1617227492,687267203-X,ASSAULT,13162,MISDEMEANOR,649341116-5
6911870332,803646791-7,ASSAULT,13162,MISDEMEANOR,725831765-1
2805174024,414376574-8,ASSAULT,13162,MISDEMEANOR,019996875-6
3588307863,459663193-X,ASSAULT,13162,VIOLATION,295740288-2
4488009443,055201923-2,ASSAULT,13162,VIOLATION,674480528-2
2684079189,406024104-0,ASSAULT,13162,VIOLATION,963448088-8
1599832213,061110716-3,ASSAULT,13162,ORDINANCE,569212502-1
1629388105,501250439-9,ASSAULT,13162,ORDINANCE,256768682-7
8983798538,139094932-X,ASSAULT,13162,ORDINANCE,251801145-5
1204254032,786119993-2,ASSAULT,13162,ORDINANCE,319248136-6
9542945160,911918304-6,ASSAULT,13162,FELONY,564380241-4
3940765208,079903669-2,ASSAULT,13162,FELONY,099433543-1
7307091934,785659401-2,ASSAULT,13162,FELONY,710548637-6
5086711773,216878999-1,ASSAULT,13162,FELONY,092072564-3
8525463584,961058420-9,ASSAULT,13162,FELONY,405801996-4
2702854015,933196796-9,ASSAULT,13162,FELONY,474329880-6
5443052101,511370170-X,ASSAULT,13162,FELONY,167589754-9
1526610004,362805925-9,ASSAULT,13162,FELONY,303136070-2
8720418191,731166299-0,ASSAULT,13162,FELONY,923425344-2
1601681665,159128041-9,ASSAULT,13162,FELONY,052884958-1
1220962808,474156150-X,ASSAULT,13162,FELONY,724275054-7
8016026542,418381726-9,ASSAULT,13162,FELONY,265714143-9
3461098891,455822769-8,ASSAULT,13162,FELONY,584148432-X
1931110220,900880875-7,ASSAULT,13162,FELONY,162613710-2
7090964928,306822996-0,ASSAULT,13162,FELONY,748533841-2
5651920971,595058714-6,ASSAULT,13162,FELONY,916121953-3
7292107386,544827797-7,ASSAULT,13162,FELONY,462986486-5
4505763729,590608684-6,ASSAULT,13162,FELONY,677348056-6
7666297844,725095443-1,ASSAULT,13162,FELONY,831743211-4
6561431641,931971154-2,ASSAULT,13162,FELONY,433519489-7
3335945844,014947983-2,ASSAULT,13162,MISDEMEANOR,764950227-9
7111308158,621540250-8,ASSAULT,13162,MISDEMEANOR,099994537-8
4868713924,765628782-5,ASSAULT,13162,MISDEMEANOR,810811926-X
9715560880,592626297-6,ASSAULT,13162,MISDEMEANOR,609498145-6
4139370001,989832445-7,ASSAULT,13162,MISDEMEANOR,654782886-7
7193180894,319603366-X,ASSAULT,13162,MISDEMEANOR,542720434-2
2074451743,118117661-1,ASSAULT,13162,MISDEMEANOR,406801663-1
7240575665,992837098-2,ASSAULT,13162,MISDEMEANOR,790181626-0
6748077912,615571669-2,ASSAULT,13162,MISDEMEANOR,007672484-0
6600166355,590367599-9,ASSAULT,13162,MISDEMEANOR,189652197-5
5272292905,349142444-5,ASSAULT,13162,MISDEMEANOR,542154794-9
4270138249,363453262-9,ASSAULT,13162,MISDEMEANOR,470784027-2
9747037478,948892634-1,ASSAULT,13162,MISDEMEANOR,521812502-4
2891846244,270657988-9,ASSAULT,13162,MISDEMEANOR,035442081-X
4858532968,507411995-2,ASSAULT,13162,MISDEMEANOR,367615601-3
1748027542,883638923-6,ASSAULT,13162,MISDEMEANOR,610577004-9
8441303163,398697964-6,ASSAULT,13162,MISDEMEANOR,103699814-2
5175583520,097337964-2,ASSAULT,13162,MISDEMEANOR,640928240-0
6131097330,188365463-7,ASSAULT,13162,MISDEMEANOR,695255431-9
6345930791,271890632-4,ASSAULT,13162,MISDEMEANOR,142986667-5
3047111900,940344365-0,ASSAULT,13162,MISDEMEANOR,220562807-0
8841715438,581010259-X,ASSAULT,13162,MISDEMEANOR,613522271-6
6050185478,255870930-5,ASSAULT,13162,VIOLATION,313587786-8
4822034618,914003411-9,ASSAULT,13162,VIOLATION,219389876-6
8716140128,932840348-0,ASSAULT,13162,VIOLATION,130963021-6
7201167471,495284504-4,ASSAULT,13162,VIOLATION,343074507-1
8947149621,468123803-1,ASSAULT,13162,VIOLATION,709047110-1
9165219610,975681346-6,ASSAULT,13162,VIOLATION,883959237-7
5705418078,182676427-5,ASSAULT,13162,ORDINANCE,691907804-X
4974178661,447245588-9,KIDNAPPING,10060,ORDINANCE,851777461-2
4172604464,586185005-4,KIDNAPPING,10060,ORDINANCE,844233718-0
1115234776,496889940-8,KIDNAPPING,10060,ORDINANCE,878073845-1
5480307615,142957659-6,KIDNAPPING,10060,ORDINANCE,535640177-9
9267765267,827181706-X,KIDNAPPING,10060,ORDINANCE,102823797-9
3726856813,658341093-1,KIDNAPPING,10060,FELONY,829174042-9
2172718027,957092250-8,KIDNAPPING,10060,FELONY,767354861-5
7926756091,037093416-4,KIDNAPPING,10060,FELONY,397829267-X
5073487799,366476697-0,KIDNAPPING,10060,FELONY,006699222-2
1682664868,072478339-3,KIDNAPPING,10060,FELONY,045338039-5
8817729619,788103226-X,KIDNAPPING,10060,FELONY,769920231-7
6279973936,808218227-X,KIDNAPPING,10060,FELONY,795332274-9
4921444018,016377222-3,KIDNAPPING,10060,FELONY,805017281-3
9748182652,246163072-0,KIDNAPPING,10060,FELONY,546230319-X
3788016347,924693181-5,KIDNAPPING,10060,FELONY,622251730-7
8115230623,403292599-2,KIDNAPPING,10060,FELONY,990335120-8
5666254379,032706500-1,KIDNAPPING,10060,FELONY,134724771-8
8366807252,844680993-1,KIDNAPPING,10060,FELONY,251763562-5
9083984890,632138100-4,KIDNAPPING,10060,FELONY,710797649-4
6257539997,951388077-X,KIDNAPPING,10060,FELONY,088660982-8
3260084336,333389404-1,KIDNAPPING,10060,MISDEMEANOR,066927381-3
5536393179,306742636-3,KIDNAPPING,10060,MISDEMEANOR,502043446-9
6073682856,349138732-9,KIDNAPPING,10060,MISDEMEANOR,307807256-8
9235431142,959381348-9,KIDNAPPING,10060,MISDEMEANOR,509534616-8
5951883126,936557468-4,KIDNAPPING,10060,MISDEMEANOR,748719528-7
2739483132,435355021-7,KIDNAPPING,10060,MISDEMEANOR,128337391-2
3837238419,516859492-1,KIDNAPPING,10060,MISDEMEANOR,116191315-7
7973233437,127119662-X,KIDNAPPING,10060,MISDEMEANOR,445123878-1
1510794800,589654663-7,KIDNAPPING,10060,MISDEMEANOR,233491268-9
9380847362,235023223-9,KIDNAPPING,10060,MISDEMEANOR,322748950-3
5738830027,419450816-5,KIDNAPPING,10060,MISDEMEANOR,963935073-7
4502419340,761074999-0,KIDNAPPING,10060,MISDEMEANOR,279885043-6
6514001808,608110404-4,KIDNAPPING,10060,MISDEMEANOR,399408240-4
2748175715,488002514-3,KIDNAPPING,10060,MISDEMEANOR,266926849-8
8711625357,697380453-5,KIDNAPPING,10060,MISDEMEANOR,449744183-0
7481364473,624483072-5,KIDNAPPING,10060,MISDEMEANOR,437560353-4
2598100969,399714184-3,KIDNAPPING,10060,MISDEMEANOR,903130085-3
1525680336,265910130-2,WEAPONS,52197,MISDEMEANOR,723605134-9
4000942983,915077912-5,WEAPONS,52197,MISDEMEANOR,695120927-8
3721664985,748094947-2,WEAPONS,52197,MISDEMEANOR,627901257-3
4631903722,646064069-6,WEAPONS,52197,MISDEMEANOR,418018402-8
5825935869,055325152-X,WEAPONS,52197,MISDEMEANOR,922541507-9
8778383362,940398153-9,WEAPONS,52197,MISDEMEANOR,284181271-5
6984488700,018584179-1,WEAPONS,52197,MISDEMEANOR,501009662-5
1770327855,015704084-4,WEAPONS,52197,MISDEMEANOR,497352928-1
7968586924,654166613-X,WEAPONS,52197,MISDEMEANOR,677493304-1
8812974533,715386368-0,WEAPONS,52197,MISDEMEANOR,161888938-9
6148394089,459722305-3,WEAPONS,52197,VIOLATION,909282003-2
4709443254,562282052-9,WEAPONS,52197,VIOLATION,528116069-9
7283566856,044808175-X,WEAPONS,52197,VIOLATION,963146634-5
7429480955,780414568-3,WEAPONS,52197,VIOLATION,712964249-1
3357235215,240123992-8,WEAPONS,52197,VIOLATION,962596640-4
2030528667,510138827-0,WEAPONS,52197,VIOLATION,444952017-3
7833607460,151620783-1,WEAPONS,52197,VIOLATION,077605723-5
1924641304,032729832-4,WEAPONS,52197,VIOLATION,515188883-8
1909800937,972398147-5,WEAPONS,52197,VIOLATION,271855209-3
5246711235,080884193-9,WEAPONS,52197,ORDINANCE,987848243-X
5824398909,982337141-5,WEAPONS,52197,ORDINANCE,751746769-7
3962688466,794291416-X,WEAPONS,52197,ORDINANCE,765443556-8
5146908904,386529279-8,WEAPONS,52197,ORDINANCE,966996332-X
3866112060,383126984-X,WEAPONS,52197,FELONY,363431275-0
6863171394,787575087-3,WEAPONS,52197,FELONY,590187319-X
3789495987,054237120-0,WEAPONS,52197,FELONY,684255550-7
1244832698,512683318-9,WEAPONS,52197,FELONY,279730615-5
8757918071,046845993-6,WEAPONS,52197,FELONY,714217236-3
8348930237,296136958-4,WEAPONS,52197,FELONY,219195667-X
3243349452,576855084-4,WEAPONS,52197,FELONY,161860877-0
7022790603,386198467-9,WEAPONS,52197,FELONY,300837407-7
6710087407,963522151-7,WEAPONS,52197,FELONY,056622161-6
1419015652,823061014-2,WEAPONS,52197,FELONY,754727459-5
6533477274,428440733-3,WEAPONS,52197,FELONY,018401554-5
8499060148,839476377-4,WEAPONS,52197,FELONY,992008295-3
9661782012,433317774-X,WEAPONS,52197,FELONY,992203752-1
3924233830,691499066-2,WEAPONS,52197,MISDEMEANOR,831792263-4
2391193707,178275562-4,BURGLARY,22061,MISDEMEANOR,850706046-3
1958396933,998223699-7,BURGLARY,22061,MISDEMEANOR,249127742-5
2857144903,478870061-1,BURGLARY,22061,MISDEMEANOR,447309473-1
8508774599,743793513-9,BURGLARY,22061,MISDEMEANOR,976963937-0
9980924102,356526299-0,BURGLARY,22061,MISDEMEANOR,582482985-3
1835196495,380950224-3,BURGLARY,22061,MISDEMEANOR,954832878-X
9888510426,120386841-3,BURGLARY,22061,MISDEMEANOR,446861321-1
3738135249,872522390-9,BURGLARY,22061,MISDEMEANOR,675282386-3
6714291335,948466772-4,BURGLARY,22061,MISDEMEANOR,250441928-7
2088686672,115664813-0,BURGLARY,22061,MISDEMEANOR,856238308-2
3566636786,653036380-7,BURGLARY,22061,MISDEMEANOR,844961476-7
6285424463,764584597-X,BURGLARY,22061,MISDEMEANOR,041041608-8
8459894508,392677747-8,BURGLARY,22061,MISDEMEANOR,192715337-9
8712399363,907494645-3,BURGLARY,22061,MISDEMEANOR,919519079-1
4786688603,935356851-X,BURGLARY,22061,MISDEMEANOR,797671744-8
1670016005,707546602-X,BURGLARY,22061,MISDEMEANOR,916544777-8
8617375358,304681496-8,BURGLARY,22061,MISDEMEANOR,093763710-6
4266995404,085199556-X,BURGLARY,22061,MISDEMEANOR,282985134-X
5396021731,340799590-3,BURGLARY,22061,VIOLATION,332654223-2
1917432831,307047594-9,BURGLARY,22061,VIOLATION,654045696-4
7854916510,554157135-9,BURGLARY,22061,VIOLATION,858089804-8
2990910304,650338395-9,BURGLARY,22061,VIOLATION,006048106-4
9419023302,181521534-8,BURGLARY,22061,VIOLATION,100674211-5
8716519790,376155616-0,BURGLARY,22061,VIOLATION,863189247-5
9326742415,205706436-0,BURGLARY,22061,VIOLATION,510317551-7
3169658273,701015807-X,BURGLARY,22061,VIOLATION,317731728-3
5631649945,150060274-4,BURGLARY,22061,VIOLATION,285498094-8
3771331401,061043890-5,BURGLARY,22061,VIOLATION,339902950-0
2330009790,668062419-3,BURGLARY,22061,ORDINANCE,615078336-7
7560348137,967174238-6,BURGLARY,22061,ORDINANCE,967925676-6
3004919665,646288059-7,BURGLARY,22061,ORDINANCE,133631517-2
8662742115,398550054-1,BURGLARY,22061,ORDINANCE,536061797-7
3580527179,796745346-8,BURGLARY,22061,ORDINANCE,798247692-9
6314945307,729607993-2,BURGLARY,22061,ORDINANCE,323208317-X
3580840033,122951043-5,MURDER,9150,FELONY,999789446-4
3296047500,683532543-7,MURDER,9150,FELONY,868450464-X
3996101391,534656333-4,MURDER,9150,FELONY,122056461-3
3793826012,512506001-1,MURDER,9150,FELONY,556661030-7
4373501523,375170998-3,MURDER,9150,FELONY,833519771-7
5176135479,895904486-5,MURDER,9150,FELONY,853969651-7
1459645928,275390412-X,MURDER,9150,FELONY,277391639-5
9574490456,383649017-X,MURDER,9150,FELONY,172896020-7
2506038786,144657775-9,MURDER,9150,FELONY,902020051-8
4582405077,856475682-X,MURDER,9150,FELONY,238523875-6
1542384666,387805208-1,MURDER,9150,FELONY,610638113-5
5541865169,236566676-0,MURDER,9150,FELONY,940648242-8
1329687507,036254282-1,FRAUD,42054,MISDEMEANOR,919341277-0
8340997746,589911948-9,FRAUD,42054,MISDEMEANOR,330107533-9
3002025954,328905763-1,FRAUD,42054,MISDEMEANOR,355653462-2
2106328689,888381442-8,FRAUD,42054,MISDEMEANOR,758748245-8
1530351958,775096437-1,FRAUD,42054,MISDEMEANOR,009710347-0
6125165007,573745831-8,FRAUD,42054,MISDEMEANOR,727007906-4
1477881344,526093549-7,FRAUD,42054,MISDEMEANOR,012692049-4
4469090690,386147485-9,FRAUD,42054,MISDEMEANOR,504954102-6
4837837550,592153336-X,FRAUD,42054,MISDEMEANOR,135465137-5
2503515510,255677310-3,FRAUD,42054,MISDEMEANOR,208872325-0
8759561714,060530917-5,FRAUD,42054,MISDEMEANOR,964829036-9
3113898051,863402876-3,FRAUD,42054,MISDEMEANOR,458090589-X
9782583469,231415273-5,FRAUD,42054,MISDEMEANOR,998935032-9
9321178331,319629754-3,FRAUD,42054,MISDEMEANOR,484354264-4
5987344497,545681468-4,FRAUD,42054,MISDEMEANOR,191941195-X
5763816260,826211698-4,FRAUD,42054,MISDEMEANOR,427705812-4
7019017926,523410133-9,FRAUD,42054,MISDEMEANOR,661344503-7
9648446895,103965689-7,FRAUD,42054,MISDEMEANOR,241499012-0
9254659034,944119318-6,FRAUD,42054,MISDEMEANOR,213120412-4
3448370002,684486516-3,FRAUD,42054,MISDEMEANOR,250178948-2
8778668629,936226449-8,FRAUD,42054,MISDEMEANOR,704339656-5
8647989241,749249354-1,FRAUD,42054,MISDEMEANOR,686728340-3
8855573600,320617556-9,FRAUD,42054,MISDEMEANOR,979378390-7
1617227492,550736301-3,PAROLE VIOLATION,2668,VIOLATION,618877169-2
6911870332,688658208-9,PAROLE VIOLATION,2668,VIOLATION,187120214-0
2805174024,281540470-2,PAROLE VIOLATION,2668,VIOLATION,920460079-9
3588307863,013925832-9,PAROLE VIOLATION,2668,VIOLATION,988877041-1
4488009443,866915436-6,PAROLE VIOLATION,2668,VIOLATION,366231004-X
2684079189,960122274-X,PAROLE VIOLATION,2668,VIOLATION,844772674-6
1599832213,652630848-1,PAROLE VIOLATION,2668,VIOLATION,305116105-5
1629388105,933342578-0,PAROLE VIOLATION,2668,VIOLATION,873525876-4
8983798538,875455199-4,PAROLE VIOLATION,2668,VIOLATION,302274427-7
1204254032,978045641-4,PAROLE VIOLATION,2668,VIOLATION,027650508-5
9542945160,867949160-8,PAROLE VIOLATION,2668,VIOLATION,387885246-0
3940765208,139177465-5,PAROLE VIOLATION,2668,VIOLATION,096126458-6
7307091934,484025868-6,FORGERY,25019,ORDINANCE,717270700-1
5086711773,797152846-9,FORGERY,25019,ORDINANCE,268356334-5
8525463584,418293649-3,FORGERY,25019,ORDINANCE,323338829-2
2702854015,616621498-7,FORGERY,25019,ORDINANCE,687224503-4
5443052101,639181852-5,FORGERY,25019,ORDINANCE,061977762-1
1526610004,381364779-X,FORGERY,25019,ORDINANCE,746596848-8
8720418191,830009429-6,FORGERY,25019,ORDINANCE,281591044-6
1601681665,726806731-3,FORGERY,25019,ORDINANCE,836653545-2
1220962808,308089268-2,FORGERY,25019,ORDINANCE,571854086-1
8016026542,759000743-9,FORGERY,25019,ORDINANCE,754074799-4
3461098891,326606026-1,STALKING,13241,FELONY,622801743-8
1931110220,576652150-2,STALKING,13241,FELONY,409442211-0
7090964928,262937908-6,STALKING,13241,FELONY,991484425-1
5651920971,319337489-X,STALKING,13241,FELONY,733485276-1
7292107386,438674580-7,STALKING,13241,FELONY,550984860-X
4505763729,358851364-7,STALKING,13241,FELONY,638315483-4
7666297844,948221391-2,STALKING,13241,FELONY,900350750-3
6561431641,348949509-8,STALKING,13241,FELONY,271074313-2
3335945844,416481895-6,STALKING,13241,FELONY,925821126-X
7111308158,826827593-6,STALKING,13241,FELONY,360006861-X
1719557006,420599637-3,STALKING,13241,MISDEMEANOR,959688816-1
2943071435,399443364-9,STALKING,13241,MISDEMEANOR,495667035-4
8184601087,488300125-3,PROSTITUTION,1600,MISDEMEANOR,292186463-0
4825729737,645785199-1,PROSTITUTION,1600,MISDEMEANOR,396730629-1
9334223962,123703745-X,PROSTITUTION,1600,MISDEMEANOR,284296907-3
1383726118,026385280-6,PROSTITUTION,1600,MISDEMEANOR,625874101-0
2567351066,246443214-8,PROSTITUTION,1600,MISDEMEANOR,854910869-3
3126404528,949516538-5,PROSTITUTION,1600,MISDEMEANOR,617194960-4
4754728883,915543465-7,PROSTITUTION,1600,MISDEMEANOR,122728618-X
8258540764,679205905-6,PROSTITUTION,1600,MISDEMEANOR,964156174-X
3445626117,352005548-1,PROSTITUTION,1600,MISDEMEANOR,525310728-2
1801927898,709828785-7,PROSTITUTION,1600,MISDEMEANOR,522499648-1
3416572103,625518809-4,PROSTITUTION,1600,MISDEMEANOR,527909096-4
1501861601,831624650-3,PROSTITUTION,1600,MISDEMEANOR,358960728-9
1867151557,118105556-3,PROSTITUTION,1600,MISDEMEANOR,637741852-3
5419038900,632976024-1,PROSTITUTION,1600,MISDEMEANOR,731200464-4
1597060238,392528466-4,PROSTITUTION,1600,MISDEMEANOR,082987412-7
2125372749,761100844-7,PROSTITUTION,1600,MISDEMEANOR,481589612-7
9558845653,585705490-7,PROSTITUTION,1600,MISDEMEANOR,432407928-5
1821748335,515924000-4,PROSTITUTION,1600,MISDEMEANOR,630601320-2
1262084706,834272073-X,PROSTITUTION,1600,MISDEMEANOR,390743147-2
5470963926,336889382-3,PROSTITUTION,1600,MISDEMEANOR,638415974-0
3930778093,936376458-3,PROSTITUTION,1600,MISDEMEANOR,118032240-1
1098268852,318209659-1,PROSTITUTION,1600,MISDEMEANOR,218703274-4
1661397446,265545833-8,PROSTITUTION,1600,MISDEMEANOR,964979074-8
3923253846,226193176-X,PROSTITUTION,1600,MISDEMEANOR,280119649-5
3116574313,834116039-0,PROSTITUTION,1600,MISDEMEANOR,964994338-2
9417823688,918397646-9,PROSTITUTION,1600,MISDEMEANOR,671450097-1
6849657357,586671868-5,PROSTITUTION,1600,VIOLATION,842579649-0
3922563244,129536054-3,PROSTITUTION,1600,VIOLATION,876019443-X
8430140349,507814277-0,PROSTITUTION,1600,VIOLATION,996220532-8
2692678020,628561347-8,PROSTITUTION,1600,VIOLATION,891118906-5
5189414309,441875041-X,PROSTITUTION,1600,VIOLATION,542930027-6
3513747986,850723460-7,PROSTITUTION,1600,VIOLATION,631343877-9
1890096401,686132918-5,WARRANT,2905,ORDINANCE,087551474-X
3518480757,569051673-2,WARRANT,2905,ORDINANCE,720080446-0
3852813240,463294155-7,WARRANT,2905,ORDINANCE,879644138-0
8815415114,683812253-7,WARRANT,2905,ORDINANCE,621083775-1
7483145296,741837997-8,WARRANT,2905,ORDINANCE,738272465-4
9246612960,315876946-8,WARRANT,2905,ORDINANCE,646198412-7
5550589607,704684439-9,WARRANT,2905,ORDINANCE,731011377-2
2084793214,786275002-0,WARRANT,2905,ORDINANCE,086410520-7
1248138645,873355961-9,RAPE,10993,FELONY,188915771-6
3988806890,146020270-8,RAPE,10993,FELONY,927421845-1
9274881288,119044159-4,RAPE,10993,FELONY,086921115-3
4280843924,003997095-7,RAPE,10993,FELONY,044331007-6
1238365143,486347603-5,RAPE,10993,FELONY,912988651-1
6280249542,667289474-8,RAPE,10993,FELONY,788076018-0
4144993220,687339046-1,RAPE,10993,FELONY,323196291-9
5820564779,356890855-7,RAPE,10993,FELONY,173304830-8
4406473388,101591483-7,RAPE,10993,FELONY,543577771-2
5144322588,687829913-6,RAPE,10993,FELONY,904246846-7
3115356717,010219074-7,RAPE,10993,FELONY,600088686-1
4573695574,313915710-X,RAPE,10993,FELONY,661922444-X
8186201964,003243143-0,RAPE,10993,FELONY,736790511-2
3528100047,448845015-6,RAPE,10993,FELONY,157383402-5
4584515563,776827042-8,RAPE,10993,FELONY,225838947-X
8529483323,805439795-X,RAPE,10993,FELONY,308343308-5
1795600151,713468547-0,RAPE,10993,FELONY,748205103-1
4671182055,995724051-X,RAPE,10993,MISDEMEANOR,258828184-2
9562963277,411798689-9,RAPE,10993,MISDEMEANOR,886801351-7
8410226790,533077901-4,RAPE,10993,MISDEMEANOR,959285477-7
4419221887,710601749-3,RAPE,10993,MISDEMEANOR,116914073-4
1144151270,297470778-5,RAPE,10993,MISDEMEANOR,656709474-5
8405081033,929535455-9,RAPE,10993,MISDEMEANOR,937220087-5
9007370184,514451728-5,ROBBERY,12002,MISDEMEANOR,384923999-3
6950483082,632682652-7,ROBBERY,12002,MISDEMEANOR,132244895-7
9885606506,551064517-2,ROBBERY,12002,MISDEMEANOR,253306882-9
4665750367,037841238-8,ROBBERY,12002,MISDEMEANOR,277247051-2
8534082022,010116341-X,ROBBERY,12002,MISDEMEANOR,627464221-8
4529575259,768882741-8,ROBBERY,12002,MISDEMEANOR,415180644-X
9418987233,474580152-1,ROBBERY,12002,MISDEMEANOR,005689693-X
8583635387,780775588-1,ROBBERY,12002,MISDEMEANOR,354893567-2
8305568920,843811820-8,ROBBERY,12002,MISDEMEANOR,976129655-5
3654567797,981756779-6,ROBBERY,12002,MISDEMEANOR,407975522-8
7968124123,971053133-6,ROBBERY,12002,MISDEMEANOR,850702617-6
9016100206,615919524-7,ROBBERY,12002,MISDEMEANOR,053417528-7
4141536440,502930656-0,ROBBERY,12002,MISDEMEANOR,274729705-5
3164858751,843249672-3,ROBBERY,12002,MISDEMEANOR,936932002-4
8347997032,831353959-3,ROBBERY,12002,MISDEMEANOR,631242724-2
6818049146,613648279-7,ROBBERY,12002,VIOLATION,293009859-7
8566995790,985858815-1,ROBBERY,12002,VIOLATION,715257828-1
7988381047,153815360-2,ROBBERY,12002,VIOLATION,188948863-1
5159376025,852053731-6,ROBBERY,12002,VIOLATION,033062988-3
7177138055,180323208-0,ROBBERY,12002,VIOLATION,544367986-4
4755239063,152152238-3,ROBBERY,12002,VIOLATION,654212509-4
2593469284,004054174-6,ROBBERY,12002,VIOLATION,517498775-1
9988901182,657852457-6,ROBBERY,12002,VIOLATION,764417840-6
1583162212,079053185-2,TRESPASSING,10002,ORDINANCE,089750075-X
5333015597,010405170-1,TRESPASSING,10002,ORDINANCE,976473362-X
1617331398,836059171-7,TRESPASSING,10002,ORDINANCE,197097716-7
5308728499,219998423-0,TRESPASSING,10002,ORDINANCE,007645226-3
3216553011,284482673-3,TRESPASSING,10002,ORDINANCE,272467392-1
2867243859,006607949-7,TRESPASSING,10002,ORDINANCE,827788564-4
1752094002,586871575-6,TRESPASSING,10002,ORDINANCE,218469724-9
3210840890,003200148-7,TRESPASSING,10002,ORDINANCE,311429299-2
7926332504,882683123-8,TRESPASSING,10002,ORDINANCE,810840133-X
9597847779,442023045-2,TRESPASSING,10002,ORDINANCE,709036859-9
9503128800,209134701-9,TRESPASSING,10002,ORDINANCE,497814766-2
6935708425,854277003-X,TRESPASSING,10002,FELONY,558100316-5
7821020772,924882218-5,TRESPASSING,10002,FELONY,417734724-8
2292319033,140999110-5,TRESPASSING,10002,FELONY,392396876-0
9137317695,881694508-7,TRESPASSING,10002,FELONY,650133667-8
1695503353,485506539-0,TRESPASSING,10002,FELONY,672045759-4
3228083307,554536892-2,ALCOHOL,2304,FELONY,479554983-4
5801148891,427439232-5,ALCOHOL,2304,FELONY,020650950-2
7912286320,265994426-1,ALCOHOL,2304,FELONY,374978569-4
4445423334,514858244-8,ALCOHOL,2304,FELONY,072321444-1
5810659628,926142611-5,ALCOHOL,2304,MISDEMEANOR,845504370-9
7524679640,758809224-6,ALCOHOL,2304,MISDEMEANOR,584495591-9
2154173530,324100916-5,ALCOHOL,2304,MISDEMEANOR,920186607-0
1799855681,834724988-1,ALCOHOL,2304,MISDEMEANOR,089425180-5
5137700693,207218576-9,ALCOHOL,2304,MISDEMEANOR,350812707-9
1061895144,447458642-5,ALCOHOL,2304,MISDEMEANOR,932021512-X
8499106774,920129846-3,ALCOHOL,2304,MISDEMEANOR,928320481-6
8790164871,391640996-4,ALCOHOL,2304,MISDEMEANOR,407474880-0
4962832706,316707825-1,ALCOHOL,2304,MISDEMEANOR,498900570-8
2053037203,956959722-4,ALCOHOL,2304,MISDEMEANOR,851265587-9
7423381837,636850301-7,ALCOHOL,2304,MISDEMEANOR,265284240-4
7439349109,214416396-0,ALCOHOL,2304,MISDEMEANOR,204141975-X
1409893157,101838417-0,ALCOHOL,2304,MISDEMEANOR,477735313-3
3709605207,946860423-3,ALCOHOL,2304,MISDEMEANOR,081818428-0
5127448723,675014499-3,ALCOHOL,2304,MISDEMEANOR,501294535-2
4107241962,464058631-0,ALCOHOL,2304,MISDEMEANOR,547932472-1
5344890248,745166540-2,ALCOHOL,2304,MISDEMEANOR,801526908-3
8596729533,512400848-2,ALCOHOL,2304,MISDEMEANOR,574246135-6
7814096902,985207169-6,ALCOHOL,2304,MISDEMEANOR,317334222-4
9150238423,271773297-7,ALCOHOL,2304,MISDEMEANOR,167033975-0
7589980414,918472013-1,ALCOHOL,2304,MISDEMEANOR,655304413-9
5038226459,967433109-3,ALCOHOL,2304,MISDEMEANOR,691283610-0
3456164061,296024269-6,ALCOHOL,2304,MISDEMEANOR,305316625-9
9396073407,231572716-2,ALCOHOL,2304,MISDEMEANOR,448846794-6
7741324733,982512801-1,ALCOHOL,2304,MISDEMEANOR,413268782-1
1406282599,432488072-7,ALCOHOL,2304,MISDEMEANOR,115932511-1
2507545489,612836743-7,ALCOHOL,2304,VIOLATION,660755197-1
4990877995,466564456-X,ALCOHOL,2304,VIOLATION,646417071-6
8580082453,752695427-9,ALCOHOL,2304,VIOLATION,784197204-0
2601512679,417445524-4,ALCOHOL,2304,VIOLATION,536595179-4
9067710288,821613527-0,ALCOHOL,2304,ORDINANCE,288570365-2
4276258681,940476640-2,ALCOHOL,2304,ORDINANCE,434784461-1
8976678489,064520363-7,ALCOHOL,2304,ORDINANCE,797110135-X
4412634836,207357907-8,ALCOHOL,2304,ORDINANCE,509721807-8
8299477189,104935012-X,ALCOHOL,2304,ORDINANCE,951500000-9
8997621420,536083272-X,ALCOHOL,2304,ORDINANCE,655154865-2
7402625836,732007983-6,ALCOHOL,2304,NON-CRIMINAL,919707448-9
2816331800,475437622-6,ALCOHOL,2304,FELONY,799147859-9
4495111014,763699609-X,ALCOHOL,2304,FELONY,400993702-5
5472883585,455185826-9,ALCOHOL,2304,FELONY,163608178-9
1399883566,216408017-3,ALCOHOL,2304,FELONY,330378669-0
2673365739,551243855-7,ALCOHOL,2304,FELONY,521095808-6
4869949528,220728845-5,ALCOHOL,2304,FELONY,256166349-3
4757987002,081321369-X,ALCOHOL,2304,FELONY,691693764-5
9182284677,957720297-7,ALCOHOL,2304,FELONY,432280051-3
6212650103,765447888-7,ALCOHOL,2304,FELONY,947427868-7
4336828774,528397709-9,ALCOHOL,2304,FELONY,616135522-1
1009944688,343800256-6,ALCOHOL,2304,FELONY,198918525-8
4390687005,393013487-X,ALCOHOL,2304,FELONY,355776637-3
2933863019,642118293-3,ALCOHOL,2304,MISDEMEANOR,360280624-3
9541775223,999790534-2,ALCOHOL,2304,MISDEMEANOR,710898909-3
3739744301,524346547-X,ALCOHOL,2304,MISDEMEANOR,029485805-9
1470655904,012226948-9,ALCOHOL,2304,MISDEMEANOR,521546452-9
7489556189,282006832-4,ALCOHOL,2304,MISDEMEANOR,919873908-5
5222181613,370231203-X,ALCOHOL,2304,MISDEMEANOR,051527869-6
8770108260,509716432-6,ALCOHOL,2304,MISDEMEANOR,609361601-0
5270709603,309840839-1,ALCOHOL,2304,MISDEMEANOR,496915152-0
4017717599,517078108-3,ALCOHOL,2304,MISDEMEANOR,187453323-7
1662777643,616083695-1,ALCOHOL,2304,MISDEMEANOR,527503875-5
7504137100,674702012-X,DRUGS,42215,MISDEMEANOR,481126233-6
1656297467,081804847-6,DRUGS,42215,MISDEMEANOR,949465721-7
4151886257,261839789-4,DRUGS,42215,MISDEMEANOR,614120611-5
1960578864,115291955-5,DRUGS,42215,MISDEMEANOR,712132284-6
6483580419,391762316-1,DRUGS,42215,MISDEMEANOR,979296319-7
5017118813,328889891-8,DRUGS,42215,MISDEMEANOR,293573054-2
6352264596,670928832-3,DRUGS,42215,MISDEMEANOR,883601128-4
5503600465,552401406-4,DRUGS,42215,MISDEMEANOR,923430600-7
5554729053,753742423-3,DRUGS,42215,MISDEMEANOR,592263394-5
2258954788,620392118-1,DRUGS,42215,MISDEMEANOR,647936792-8
2235666035,222913699-2,DRUGS,42215,MISDEMEANOR,878953750-5
3908873089,079654479-4,DRUGS,42215,MISDEMEANOR,780903812-5
5278650435,043059292-2,DRUGS,42215,MISDEMEANOR,672431970-6
7912508612,871868003-8,DRUGS,42215,MISDEMEANOR,938727708-9
1562082612,896768225-5,DRUGS,42215,MISDEMEANOR,309054289-7
8483022971,431950273-6,DRUGS,42215,VIOLATION,849469079-5
1422828153,297454647-1,DRUGS,42215,VIOLATION,483203721-8
2703639674,301595842-9,DRUGS,42215,VIOLATION,609293154-0
1518776482,408484263-X,DRUGS,42215,VIOLATION,062874822-1
2050580259,477066468-0,DRUGS,42215,VIOLATION,657326360-X
4297246128,281830782-1,DRUGS,42215,VIOLATION,113618181-4
4726437959,296896371-6,DRUGS,42215,VIOLATION,507812004-1
8060655852,428561647-5,DRUGS,42215,NON-CRIMINAL,780087910-0
3919376692,387398803-8,DRUGS,42215,NON-CRIMINAL,623200493-0
8767146589,556639529-5,DRUGS,42215,NON-CRIMINAL,244247286-4
9424088798,153061195-4,DRUGS,42215,NON-CRIMINAL,311275584-7
9725628453,112554906-8,DRUGS,42215,NON-CRIMINAL,149354285-0
3147322305,031274102-2,DRUGS,42215,NON-CRIMINAL,822757818-7
9628959971,495680510-1,DRUGS,42215,NON-CRIMINAL,892982943-0
9969292374,976124701-5,DRUGS,42215,NON-CRIMINAL,132809134-1
1457645209,396596690-1,DRUGS,42215,FELONY,414410537-7
1092688492,981882625-6,DRUGS,42215,FELONY,369754949-9
9626771211,946538317-1,DRUGS,42215,FELONY,467355295-4
3978798154,790753270-1,DRUGS,42215,FELONY,661582924-X
2500780947,235698201-9,DRUGS,42215,FELONY,493928749-1
6691701344,908675150-4,DRUGS,42215,FELONY,646049697-8
7972102374,987871737-2,DRUGS,42215,FELONY,161189383-6
3887322780,525612776-4,MENACING,802,FELONY,926322417-X
2224203494,840459741-3,MENACING,802,FELONY,647481972-3
8066983744,723827730-1,MENACING,802,FELONY,095738534-X
2145879133,939397050-5,MENACING,802,FELONY,154550807-0
3555416735,892146749-1,MENACING,802,MISDEMEANOR,600356236-6
6244102623,480674802-1,MENACING,802,MISDEMEANOR,899410353-8
5863424378,739541532-9,MENACING,802,MISDEMEANOR,884970777-0
1136620951,199845351-0,MENACING,802,MISDEMEANOR,662926550-5
1947509900,838377199-1,MENACING,802,MISDEMEANOR,253509908-X
9928624075,784581896-8,MENACING,802,MISDEMEANOR,056068842-3
1888992564,874868288-8,MENACING,802,MISDEMEANOR,703351717-3
8771072218,277067167-7,MENACING,802,MISDEMEANOR,911319105-5
7286450235,396313933-1,MENACING,802,MISDEMEANOR,511051267-1
1383995011,797629178-5,MENACING,802,MISDEMEANOR,077052552-0
7280072068,639649918-5,MENACING,802,MISDEMEANOR,904996171-1
9086156169,040870440-3,MENACING,802,MISDEMEANOR,004890495-3
3240602487,542810876-2,MENACING,802,MISDEMEANOR,584251227-0
3962260798,701064467-5,MENACING,802,MISDEMEANOR,119715867-7
5269978332,196997358-7,MENACING,802,MISDEMEANOR,990953888-1
6685935882,589494023-0,MENACING,802,MISDEMEANOR,236411457-8
9373622750,909759934-2,MENACING,802,MISDEMEANOR,533872949-0
8157689809,703261095-1,MENACING,802,MISDEMEANOR,746216538-4
1404297651,821130679-4,MENACING,802,MISDEMEANOR,216496787-9
1963032801,568750012-X,MENACING,802,MISDEMEANOR,733132823-9
7377107802,174046691-8,MENACING,802,MISDEMEANOR,408001342-6
5202507355,751993815-8,MENACING,802,MISDEMEANOR,865393929-6
1672849618,683260268-5,MENACING,802,MISDEMEANOR,347675146-5
2477226580,516803960-X,MENACING,802,MISDEMEANOR,890260409-8
3141315816,793661340-4,NON-SUPPORT,1401,VIOLATION,079923470-2
1487885698,905835448-2,NON-SUPPORT,1401,VIOLATION,931559760-5
8806143774,925617890-7,NON-SUPPORT,1401,VIOLATION,047308407-4
8982552719,078844745-9,NON-SUPPORT,1401,NON-CRIMINAL,251476077-1
1550404195,722025927-1,NON-SUPPORT,1401,NON-CRIMINAL,275744681-9
3882207904,386147115-9,NON-SUPPORT,1401,NON-CRIMINAL,819343125-1
1593030372,422615075-9,GENERAL FELONY,10000,FELONY,381041722-X
8443288752,418786126-2,GENERAL FELONY,10000,FELONY,347889975-3
3735774995,037268446-7,GENERAL FELONY,10000,FELONY,487534148-2
7667974955,348184124-8,GENERAL FELONY,10000,FELONY,107263947-5
8346146696,026904346-2,GENERAL FELONY,10000,FELONY,682287894-7
5346243089,192184844-8,GENERAL FELONY,10000,FELONY,445052983-9
7252260769,165714292-2,GENERAL FELONY,10000,FELONY,239062590-8
3980043896,598097436-9,GENERAL FELONY,10000,FELONY,449932166-2
3526216577,081326642-4,GENERAL FELONY,10000,FELONY,389716029-3
3373836839,930091605-X,GENERAL FELONY,10000,FELONY,582377739-6
7006471163,606648303-X,GENERAL FELONY,10000,FELONY,826648301-9
9028348225,251323239-9,GENERAL FELONY,10000,FELONY,591143137-8
4816129692,698017797-4,GENERAL FELONY,10000,FELONY,074235465-2
8462324031,702196142-1,GENERAL FELONY,10000,FELONY,026452090-4
3656024872,632152176-0,GENERAL FELONY,10000,FELONY,018082109-1
5382740054,431971599-3,OTHER,10001,MISDEMEANOR,396504806-6
7088553302,525763159-8,OTHER,10001,MISDEMEANOR,422231108-1
5538528397,529046250-3,OTHER,10001,MISDEMEANOR,381240004-9
2407779376,571508855-0,OTHER,10001,MISDEMEANOR,974865843-0
3642540449,360986822-8,OTHER,10001,MISDEMEANOR,512566391-3
1020472645,746342313-1,OTHER,10001,MISDEMEANOR,534693946-6
4132207769,304894130-4,OTHER,10001,MISDEMEANOR,243705900-8
5324716206,350610208-7,OTHER,10001,MISDEMEANOR,223848964-9
9709182234,872048876-9,OTHER,10001,MISDEMEANOR,549186046-8
8536770387,708489042-4,OTHER,10001,MISDEMEANOR,618376432-9
5680476196,412223279-1,OTHER,10001,MISDEMEANOR,964278097-6
2659720185,777385543-9,OTHER,10001,MISDEMEANOR,928383908-0
3332168627,014963508-7,OTHER,10001,MISDEMEANOR,976810146-6
1670008691,732846786-X,OTHER,10001,MISDEMEANOR,651299543-0
1380356717,349461984-0,OTHER,10001,MISDEMEANOR,930718627-8
3621005184,685183519-3,OTHER,10001,MISDEMEANOR,167790850-5
2111674812,450327144-X,OTHER,10001,MISDEMEANOR,852183712-7
6207474235,856740611-0,OTHER,10001,MISDEMEANOR,267821457-5
3567377132,278630251-X,OTHER,10001,MISDEMEANOR,350298485-9
6860105952,777319013-5,OTHER,10001,MISDEMEANOR,323011509-0
5879701231,034297893-4,OTHER,10001,MISDEMEANOR,594614824-9
7673240036,945335817-7,OTHER,10001,VIOLATION,437689920-8
9935113590,207645489-6,OTHER,10001,VIOLATION,338875582-5
7128851439,732786198-X,OTHER,10001,VIOLATION,142626578-6
4326908702,317901477-6,OTHER,10001,VIOLATION,831708284-9
1272857360,858140080-9,OTHER,10001,VIOLATION,742088972-4
7743498535,826321391-6,OTHER,10001,VIOLATION,112876853-4
8070743829,004939943-8,OTHER,10001,VIOLATION,021477170-9
2540073623,760382128-2,OTHER,10001,VIOLATION,204490630-9
3087976208,275044449-7,OTHER,10001,VIOLATION,425133286-5
2422334422,433997617-2,OTHER,10001,NON-CRIMINAL,690159532-8
6707369115,189319053-6,OTHER,10001,NON-CRIMINAL,550614531-4
7294829357,347137366-7,OTHER,10001,NON-CRIMINAL,571895858-0
2557429961,981466766-8,OTHER,10001,NON-CRIMINAL,749512850-X
3291357272,837799692-8,OTHER,10001,NON-CRIMINAL,990368032-5
2000152092,944616580-6,OTHER,10001,NON-CRIMINAL,968653580-2
5584664116,814351215-0,OTHER,10001,FELONY,398565297-X
4477014941,289096246-6,OTHER,10001,FELONY,724850296-0
7035164035,962938002-1,OTHER,10001,FELONY,944185051-9
8421530947,838760417-8,OTHER,10001,FELONY,221820991-8
3210990910,525959205-0,OTHER,10001,FELONY,692956852-X
9055421334,534290401-3,OTHER,10001,FELONY,995421687-1
5525729224,066240967-1,OTHER,10001,FELONY,348111516-4
1117563175,115297778-4,OTHER,10001,FELONY,238017125-4
9040075382,797722499-2,OTHER,10001,FELONY,057361686-8
8907658195,694436360-7,OTHER,10001,FELONY,929254242-7
2578854826,469328727-X,OTHER,10001,FELONY,602880945-4
2160123121,295324978-8,OTHER,10001,FELONY,301584426-1
9965933834,752309369-8,OTHER,10001,FELONY,506627766-8
5333651895,503812119-5,OTHER,10001,FELONY,252124070-2
8508842956,739282060-5,OTHER,10001,FELONY,523814436-9
6862794522,253907750-1,OTHER,10001,FELONY,349444667-9
3156572255,481886973-2,OTHER,10001,FELONY,418200463-9
96-1286048,505982235-4,OTHER,10001,MISDEMEANOR,140060005-7
08-3075692,763284805-3,OTHER,10001,MISDEMEANOR,128700837-2
54-7286755,750723160-7,OTHER,10001,MISDEMEANOR,321005984-5
33-1854460,394838512-2,OTHER,10001,MISDEMEANOR,942580760-4
75-8561664,874927682-4,OTHER,10001,MISDEMEANOR,155419389-3
71-3164175,843327146-6,OTHER,10001,MISDEMEANOR,694888534-9
99-7665509,020277242-X,OTHER,10001,MISDEMEANOR,549794242-3
48-0329559,458260074-3,OTHER,10001,MISDEMEANOR,564156176-2
79-3821624,997678144-X,OTHER,10001,MISDEMEANOR,665487358-0
11-4987726,910272534-7,OTHER,10001,MISDEMEANOR,045289925-7
51-4583043,532261655-1,OTHER,10001,MISDEMEANOR,956588017-7
82-7377927,034310897-6,OTHER,10001,MISDEMEANOR,043096672-5
36-2792662,806874825-3,OTHER,10001,MISDEMEANOR,321723872-9
90-4785032,998695260-3,OTHER,10001,MISDEMEANOR,200786912-8
93-3637306,408832673-3,OTHER,10001,MISDEMEANOR,111289027-0
20-1962833,457413196-9,OTHER,10001,MISDEMEANOR,945814984-3
34-0644458,862764955-3,OTHER,10001,MISDEMEANOR,479652543-2
59-6727532,700734044-X,OTHER,10001,MISDEMEANOR,597868610-6
05-1756888,002410836-7,OTHER,10001,VIOLATION,683196426-5
88-9179996,747566862-2,OTHER,10001,VIOLATION,795672594-1
68-8701927,499790492-9,OTHER,10001,VIOLATION,035131679-5
97-4019950,498530250-3,OTHER,10001,VIOLATION,677185372-1
18-5567217,677921032-3,OTHER,10001,VIOLATION,342854378-5
22-6591965,968411477-X,OTHER,10001,VIOLATION,366204134-0
23-1304033,247977715-4,OTHER,10001,VIOLATION,209484293-2
56-7814962,413909751-5,OTHER,10001,VIOLATION,741104307-9
29-2960399,431136281-1,OTHER,10001,VIOLATION,267871717-8
31-7358199,216667801-7,OTHER,10001,NON-CRIMINAL,917475095-X
90-4578817,283981341-6,OTHER,10001,NON-CRIMINAL,872232720-7
12-0743409,233008457-9,OTHER,10001,NON-CRIMINAL,314297223-4
47-6879669,124582583-6,OTHER,10001,NON-CRIMINAL,893943456-0
22-5266337,164959755-X,OTHER,10001,NON-CRIMINAL,670063742-2
97-2133687,574310204-X,OTHER,10001,NON-CRIMINAL,838721920-7
46-5729540,304001143-X,OTHER,10001,NON-CRIMINAL,460553735-X
04-6990841,561933592-5,OTHER,10001,NON-CRIMINAL,311753098-3
34-8494517,290950969-9,OTHER,10001,NON-CRIMINAL,206130992-5
40-0465309,923967055-6,OTHER,10001,NON-CRIMINAL,616564182-2
32-1185066,115441288-1,OTHER,10001,NON-CRIMINAL,521235348-3
32-7818886,261909307-4,TERRORISTIC THREATS,801,FELONY,006388528-X
71-5027358,733078125-8,TERRORISTIC THREATS,801,FELONY,978627529-2
98-5909978,979146374-3,TERRORISTIC THREATS,801,FELONY,757726288-9
04-2971662,744945725-3,TERRORISTIC THREATS,801,FELONY,638191991-4
03-4103343,544549616-3,TERRORISTIC THREATS,801,FELONY,480765058-0
63-3742450,900707338-9,TERRORISTIC THREATS,801,FELONY,623259079-1
05-0234331,001245479-6,TERRORISTIC THREATS,801,FELONY,176829166-7
04-0061808,848531132-9,TERRORISTIC THREATS,801,FELONY,843994483-7
74-3148333,641425607-2,TERRORISTIC THREATS,801,FELONY,747877560-8
21-4316343,788375629-X,TERRORISTIC THREATS,801,FELONY,535971567-7
04-3357295,199547188-7,TERRORISTIC THREATS,801,FELONY,652613218-9
95-7381416,178030620-2,TERRORISTIC THREATS,801,MISDEMEANOR,086552193-X
66-9424405,828331167-0,TERRORISTIC THREATS,801,MISDEMEANOR,438021790-6
69-8749622,757168487-0,TERRORISTIC THREATS,801,MISDEMEANOR,183330024-6
78-6766269,221384404-6,TERRORISTIC THREATS,801,MISDEMEANOR,969344536-8
76-2808244,161415919-X,TERRORISTIC THREATS,801,MISDEMEANOR,388166376-2
54-3884519,586869816-9,TERRORISTIC THREATS,801,MISDEMEANOR,405479165-4
41-3979777,061584194-5,ASSAULT,13162,MISDEMEANOR,391280651-9
80-1007459,656750022-0,ASSAULT,13162,MISDEMEANOR,885227145-7
86-0433682,084167244-X,ASSAULT,13162,MISDEMEANOR,121756384-9
53-1185765,624133329-1,ASSAULT,13162,MISDEMEANOR,760295867-5
25-7015630,295689554-0,ASSAULT,13162,MISDEMEANOR,811272755-4
24-5312829,200871785-2,ASSAULT,13162,MISDEMEANOR,799046204-4
07-8580531,757016818-6,ASSAULT,13162,MISDEMEANOR,701437722-1
74-3582807,636358673-9,ASSAULT,13162,MISDEMEANOR,331063022-6
29-2184846,442064090-1,ASSAULT,13162,MISDEMEANOR,513971130-3
19-3348068,844918018-X,ASSAULT,13162,MISDEMEANOR,698064073-9
34-9062715,326992617-0,ASSAULT,13162,MISDEMEANOR,389596312-7
65-8896081,845096344-3,ASSAULT,13162,MISDEMEANOR,673134146-0
41-8291809,306485128-4,ASSAULT,13162,MISDEMEANOR,867753855-0
16-3497557,497413839-1,ASSAULT,13162,MISDEMEANOR,459757538-3
27-4481042,131768394-3,ASSAULT,13162,MISDEMEANOR,548774616-8
56-1114620,044821259-5,ASSAULT,13162,MISDEMEANOR,228242745-9
63-6071937,599151491-7,ASSAULT,13162,MISDEMEANOR,395318757-0
19-9904569,249605036-4,ASSAULT,13162,MISDEMEANOR,764993462-4
61-0049344,265178590-3,ASSAULT,13162,MISDEMEANOR,367022037-2
10-3454437,781101960-4,ASSAULT,13162,MISDEMEANOR,717331304-X
87-7728391,794010965-0,ASSAULT,13162,VIOLATION,518254942-3
13-3971657,662481354-7,ASSAULT,13162,VIOLATION,883716897-7
53-9773405,135665688-9,ASSAULT,13162,VIOLATION,463875280-2
65-0459351,871454299-4,ASSAULT,13162,VIOLATION,275477715-6
84-0451510,827500839-5,ASSAULT,13162,VIOLATION,819410588-9
71-3940924,712215694-X,ASSAULT,13162,VIOLATION,605114753-5
46-1936341,453456876-2,ASSAULT,13162,NON-CRIMINAL,708587195-4
24-2064244,594324698-3,ASSAULT,13162,NON-CRIMINAL,695496208-2
42-1071017,631375203-1,ASSAULT,13162,NON-CRIMINAL,938821296-7
62-0614015,495255426-0,ASSAULT,13162,NON-CRIMINAL,501655856-6
62-8902047,099901513-3,ASSAULT,13162,NON-CRIMINAL,559052755-4
29-6379427,216700654-3,ASSAULT,13162,NON-CRIMINAL,085226564-6
25-6271748,999892290-9,ASSAULT,13162,NON-CRIMINAL,784904194-1
19-1424787,265195506-X,ASSAULT,13162,NON-CRIMINAL,603762476-3
05-8539470,899925723-1,ASSAULT,13162,NON-CRIMINAL,257036230-1
55-3678871,550391956-4,ASSAULT,13162,NON-CRIMINAL,866939532-0
05-7060493,022868974-0,ROBBERY,12002,FELONY,076441489-5
55-6257703,147010973-5,ROBBERY,12002,FELONY,760694080-0
57-6842548,590997605-2,ROBBERY,12002,FELONY,420241862-X
05-1215546,306266465-7,ROBBERY,12002,FELONY,185084167-5
54-8013159,163898992-3,ROBBERY,12002,FELONY,046549865-5
04-4918849,208369923-8,ROBBERY,12002,FELONY,630613914-1
76-2129087,186696023-7,ROBBERY,12002,FELONY,142022887-0
47-6307558,317901222-6,ROBBERY,12002,FELONY,034765200-X
16-5187477,530659711-4,ROBBERY,12002,FELONY,607763756-4
54-5726342,720837329-9,ROBBERY,12002,FELONY,814854745-9
33-0375107,862629879-X,ROBBERY,12002,FELONY,956798359-3
81-7869890,309225692-1,ROBBERY,12002,FELONY,414159135-1
10-1574552,226720784-2,ROBBERY,12002,FELONY,607102046-8
09-3308707,761323896-2,ROBBERY,12002,FELONY,294305842-4
70-7795797,828935087-2,ROBBERY,12002,FELONY,414110759-X
33-0289579,214070194-1,ROBBERY,12002,MISDEMEANOR,969859328-4
43-9557621,554513257-0,ROBBERY,12002,MISDEMEANOR,041097788-8
64-1670161,566128723-2,ROBBERY,12002,MISDEMEANOR,160528285-5
46-3210785,196189962-0,ROBBERY,12002,MISDEMEANOR,338848108-3
15-0163851,048310218-0,ROBBERY,12002,MISDEMEANOR,911012115-3
85-8757964,235651497-X,ROBBERY,12002,MISDEMEANOR,837359466-3
17-0565533,851928809-X,ROBBERY,12002,MISDEMEANOR,057663353-4
66-8564135,556876531-6,ROBBERY,12002,MISDEMEANOR,418533811-2
70-2190381,024372678-3,ROBBERY,12002,MISDEMEANOR,324924062-1
59-3609830,605502138-2,ROBBERY,12002,MISDEMEANOR,422969461-X
96-3074229,188031050-3,ROBBERY,12002,MISDEMEANOR,502066130-9
05-6650587,837973102-6,ROBBERY,12002,MISDEMEANOR,158437508-6
87-7959548,864309364-5,ROBBERY,12002,MISDEMEANOR,751410260-4
08-2233338,859218335-9,ROBBERY,12002,MISDEMEANOR,487184451-X
64-2078477,705314093-8,ROBBERY,12002,MISDEMEANOR,622187678-8
88-1360337,375689950-0,ROBBERY,12002,MISDEMEANOR,326575858-3
74-1527909,479294738-3,ROBBERY,12002,MISDEMEANOR,815768933-3
67-1220776,715207850-5,ROBBERY,12002,MISDEMEANOR,638168033-4
21-4953768,187557473-5,ROBBERY,12002,MISDEMEANOR,516397191-3
63-9880187,969600456-7,ROBBERY,12002,MISDEMEANOR,032804292-7
57-0824403,547936045-0,ROBBERY,12002,MISDEMEANOR,110252822-6
05-8142205,848430220-2,ROBBERY,12002,MISDEMEANOR,665295052-9
62-4459458,786022948-X,ROBBERY,12002,VIOLATION,156589077-9
53-4473360,513003525-9,ROBBERY,12002,VIOLATION,487312412-3
20-3085458,703541106-2,ROBBERY,12002,VIOLATION,448940005-5
32-6786555,702139888-3,ROBBERY,12002,VIOLATION,373056270-3
97-2935502,997551478-2,ROBBERY,12002,VIOLATION,609486840-4
38-3973943,519109133-7,ROBBERY,12002,VIOLATION,895011274-4
49-2741512,654711161-X,ROBBERY,12002,VIOLATION,368887380-7
46-4983730,709290551-6,ROBBERY,12002,VIOLATION,532016581-1
47-5979899,491238820-3,FORGERY,25019,VIOLATION,639641014-1
84-1452000,529845393-7,FORGERY,25019,NON-CRIMINAL,144354809-X
43-5275377,119192221-9,FORGERY,25019,NON-CRIMINAL,472447523-4
63-8375932,710091116-8,FORGERY,25019,NON-CRIMINAL,926857087-4
11-3544315,060307613-0,FORGERY,25019,NON-CRIMINAL,887262423-1
08-7304943,264723511-2,FORGERY,25019,NON-CRIMINAL,500886604-4
17-7642082,537154812-2,FORGERY,25019,NON-CRIMINAL,718555698-8
05-8941336,854074171-7,FORGERY,25019,NON-CRIMINAL,281296600-9
54-5073171,230704614-3,ALCOHOL,2304,FELONY,435472904-0
14-4166103,729362600-2,ALCOHOL,2304,FELONY,617454623-3
96-7010511,652533729-1,ALCOHOL,2304,FELONY,832989026-0
41-3236608,351316882-9,ALCOHOL,2304,FELONY,284269672-7
70-5148490,796602799-6,ALCOHOL,2304,FELONY,189469153-9
65-0132273,094501435-X,ALCOHOL,2304,FELONY,468537450-9
52-4437878,156649344-7,ALCOHOL,2304,FELONY,138399455-2
69-0897623,000016138-1,ALCOHOL,2304,FELONY,315583339-4
99-0302320,072714459-6,ALCOHOL,2304,FELONY,733931946-8
47-6033796,356930163-X,ALCOHOL,2304,FELONY,764863634-4
06-2909862,035435300-4,ALCOHOL,2304,FELONY,863226630-6
01-8721305,176074786-6,ALCOHOL,2304,FELONY,180221523-9
86-6095583,125664895-7,ALCOHOL,2304,FELONY,417026986-1
11-1888962,623690278-X,ALCOHOL,2304,FELONY,431622119-1
97-7347284,806050389-8,ALCOHOL,2304,MISDEMEANOR,862972210-X
47-7710496,183515031-4,ALCOHOL,2304,MISDEMEANOR,189983847-3
14-4414920,979796712-3,ALCOHOL,2304,MISDEMEANOR,060947820-6
44-0872113,601933022-2,ALCOHOL,2304,MISDEMEANOR,148759807-6
59-9558267,959183094-7,ALCOHOL,2304,MISDEMEANOR,456801295-3
87-2759536,272767869-X,ALCOHOL,2304,MISDEMEANOR,372704428-4
77-8865449,024795298-2,ALCOHOL,2304,MISDEMEANOR,088555480-9
61-0945210,497446480-9,ALCOHOL,2304,MISDEMEANOR,799525795-3
63-8765989,464084145-0,ALCOHOL,2304,MISDEMEANOR,669042942-3
81-2434806,656960600-X,ALCOHOL,2304,MISDEMEANOR,704022203-5
26-3879156,181299761-2,ALCOHOL,2304,MISDEMEANOR,270903047-0
64-8394878,536554158-8,ALCOHOL,2304,MISDEMEANOR,551679532-X
38-1146500,335315351-9,ALCOHOL,2304,MISDEMEANOR,726802893-8
65-0581770,684412749-9,ALCOHOL,2304,MISDEMEANOR,317791553-9
73-9162173,693817566-7,ALCOHOL,2304,MISDEMEANOR,270670074-2
32-3856217,818779246-9,ALCOHOL,2304,MISDEMEANOR,363291007-3
28-1150230,466503376-5,DUI,2620,MISDEMEANOR,040453469-4
25-2883170,842711350-1,DUI,2620,MISDEMEANOR,065224620-6
71-0045061,982692898-4,DUI,2620,MISDEMEANOR,244672052-8
95-0171062,163656063-6,DUI,2620,MISDEMEANOR,443178535-3
14-8551425,142167126-3,DUI,2620,MISDEMEANOR,927395628-9
48-1835767,385179043-X,DUI,2620,MISDEMEANOR,843854405-3
16-6833497,720553160-8,DUI,2620,MISDEMEANOR,043780719-3
48-5340304,254925476-7,DUI,2620,VIOLATION,040800895-4
09-1382716,412213236-3,DUI,2620,VIOLATION,233930964-6
49-0520320,618672046-2,DUI,2620,VIOLATION,027809388-4
16-6937361,978192437-3,DUI,2620,VIOLATION,675623612-1
05-5473065,606738904-5,DUI,2620,VIOLATION,199864145-7
87-5654490,266691310-4,DUI,2620,VIOLATION,442248385-4
87-7900348,262232867-2,DUI,2620,VIOLATION,628918964-6
61-2991165,447864266-4,DUI,2620,VIOLATION,080554240-X
15-7081338,229478572-X,DUI,2620,NON-CRIMINAL,675131650-X
20-0648324,813075525-4,DUI,2620,NON-CRIMINAL,763700545-3
05-6022879,579630573-5,DUI,2620,NON-CRIMINAL,733518553-X
97-1035589,058687955-2,DUI,2620,NON-CRIMINAL,825468233-X
37-1989247,389163964-3,DUI,2620,NON-CRIMINAL,128954067-5
40-1323864,670731116-6,DUI,2620,NON-CRIMINAL,868867751-4
22-0092719,050021314-3,DUI,2620,NON-CRIMINAL,693000231-3
05-7110196,449580184-8,DUI,2620,NON-CRIMINAL,593738627-2
51-0881059,689135575-3,DUI,2620,NON-CRIMINAL,830648691-9
69-8208534,188720480-6,DUI,2620,NON-CRIMINAL,433143434-6
57-4987399,335602439-6,DUI,2620,NON-CRIMINAL,412865444-2
12-2747183,421688978-6,DUI,2620,NON-CRIMINAL,219042610-3